listing_id,title,city,district,neighborhood,property_type,room_count,price,gross_m2,net_m2,building_age,floor,total_floors,bathroom_count,heating,facade,balcony,in_complex,near_metro,furnished,elevator,parking,security,view,outdoor_space,kitchen_type,deed_status,credit_eligible,usage_status,dues,amenities,nearby_places,technical_details,description,highlight,listing_url,image_url,status
ILN-001,Kayaşehir'de Ferah 1+1 Daire,İstanbul,Başakşehir,Kayaşehir,Daire,1+1,5676000,86,67,0,1,4,1,Yerden ısıtma,Güney-Doğu,True,False,False,True,False,Kapalı otopark,7/24 güvenlik ve kamera,Şehir,Geniş balkon,Kapalı mutfak,Kat mülkiyetli,False,Mülk sahibi oturuyor,900,Yüzme havuzu; spor salonu; çocuk parkı; yürüyüş parkuru,"Metro 450 m; market 120 m; okul 600 m; hastane 2,1 km",Isı ve ses yalıtımı; çift cam; fiber internet; görüntülü diafon,"Kayaşehir merkezine yakın, iyi planlanmış 86 m² yaşam alanı. Salondan çıkılan, gün boyu güneş alan geniş özel bahçe; doğu cephesindeki odaları sabah ışığını doğrudan alıyor.","Salondan çıkılan, gün boyu güneş alan geniş özel bahçe; doğu cephesindeki odaları sabah ışığını doğrudan alıyor",https://example.com/ilan/ILN-001,assets/family-complex-thumb.webp,active
ILN-002,Bahçeşehir'de Modern 2+1 Bahçe Katı,İstanbul,Başakşehir,Bahçeşehir,Bahçe Katı,2+1,7122000,117,93,1,Bahçe katı,5,1,Doğalgaz kombi,Kuzey-Güney,True,True,True,False,True,Açık otopark,Güvenlikli giriş,Peyzaj,Özel bahçe,Ada mutfak,Kat mülkiyetli,True,Boş,1175,Peyzajlı bahçe; sosyal tesis; basketbol sahası; bisiklet parkı,"Otobüs 180 m; park 250 m; AVM 1,4 km; eczane 300 m",Akıllı ev altyapısı; elektrikli panjur; yangın alarmı; jeneratör,"Bahçeşehir merkezine yakın, iyi planlanmış 117 m² yaşam alanı. Kesintisiz şehir manzaralı 28 m² köşe balkon; doğu cephesindeki odaları sabah ışığını doğrudan alıyor.",Kesintisiz şehir manzaralı 28 m² köşe balkon; doğu cephesindeki odaları sabah ışığını doğrudan alıyor,https://example.com/ilan/ILN-002,assets/garden-flat-thumb.webp,active
ILN-003,Adnan Kahveci'de Bahçeli 4+1 Villa,İstanbul,Beylikdüzü,Adnan Kahveci,Villa,4+1,13242000,262,212,2,3,6,2,Merkezi sistem,Güney-Batı,True,True,True,False,True,2 araçlık kapalı otopark,Resepsiyon ve kamera,Orman,Teras,Amerikan mutfak,Kat mülkiyetli,True,Boş,1450,Sauna; kapalı havuz; pilates salonu; dinlenme alanı,Sahil 700 m; kafe 150 m; spor tesisi 900 m; okul 500 m,Güneş paneli altyapısı; su deposu; merkezi uydu; çelik kapı,"Adnan Kahveci merkezine yakın, iyi planlanmış 262 m² yaşam alanı. Elektrikli araç şarj ünitesine hazır iki araçlık kapalı otopark; doğu cephesindeki odaları sabah ışığını doğrudan alıyor.",Elektrikli araç şarj ünitesine hazır iki araçlık kapalı otopark; doğu cephesindeki odaları sabah ışığını doğrudan alıyor,https://example.com/ilan/ILN-003,assets/villa-garden-thumb.webp,active
ILN-004,Fenerbahçe'de Manzaralı 3+1 Dubleks,İstanbul,Kadıköy,Fenerbahçe,Dubleks,3+1,9030000,155,128,3,4,7,2,Isı pompası,Doğu,True,True,True,False,True,Kapalı + açık otopark,Akıllı diafon,Deniz,Fransız balkon,Yarı açık mutfak,Kat mülkiyetli,True,Mülk sahibi oturuyor,1725,Çocuk kulübü; hobi odası; toplantı salonu; misafir otoparkı,"Ana yol 350 m; üniversite 1,8 km; market 200 m; hastane 1,2 km",VRF klima; ankastre set; yerden ısıtma; yüksek hızlı internet,"Fenerbahçe merkezine yakın, iyi planlanmış 155 m² yaşam alanı. Ebeveyn banyosu ve bağımsız giyinme odası; doğu cephesindeki odaları sabah ışığını doğrudan alıyor.",Ebeveyn banyosu ve bağımsız giyinme odası; doğu cephesindeki odaları sabah ışığını doğrudan alıyor,https://example.com/ilan/ILN-004,assets/penthouse-terrace-thumb.webp,active
ILN-005,Çengelköy'de Aile Dostu 1+0 Rezidans,İstanbul,Üsküdar,Çengelköy,Rezidans,1+0,6540000,90,76,4,5,8,1,Fan coil,Batı,True,True,False,False,True,Kapalı otopark,7/24 güvenlik ve kamera,Vadi,Kış bahçesi,Kapalı mutfak,Kat mülkiyetli,True,Boş,2000,Barbekü alanı; pergola; tenis kortu; evcil hayvan alanı,Marmaray 800 m; çocuk parkı 100 m; çarşı 550 m; eczane 220 m,Deprem yönetmeliğine uygun; sprinkler; duman dedektörü; hidrofor,"Çengelköy merkezine yakın, iyi planlanmış 90 m² yaşam alanı. Metro girişine yürüyerek yalnızca üç dakika; doğu cephesindeki odaları sabah ışığını doğrudan alıyor.",Metro girişine yürüyerek yalnızca üç dakika; doğu cephesindeki odaları sabah ışığını doğrudan alıyor,https://example.com/ilan/ILN-005,assets/smart-studio-thumb.webp,active
ILN-006,Zekeriyaköy'de Yatırımlık 2+1 Müstakil Ev,İstanbul,Sarıyer,Zekeriyaköy,Müstakil Ev,2+1,12660000,235,201,5,6,9,1,Yerden ısıtma,Güney-Doğu,True,False,False,False,True,Açık otopark,Güvenlikli giriş,Park,Geniş balkon,Ada mutfak,Kat mülkiyetli,True,Boş,2275,Yüzme havuzu; spor salonu; çocuk parkı; yürüyüş parkuru,"Metro 450 m; market 120 m; okul 600 m; hastane 2,1 km",Isı ve ses yalıtımı; çift cam; fiber internet; görüntülü diafon,"Zekeriyaköy merkezine yakın, iyi planlanmış 235 m² yaşam alanı. Sessiz avluya bakan ve çalışma alanına dönüşebilen kış bahçesi; doğu cephesindeki odaları sabah ışığını doğrudan alıyor.",Sessiz avluya bakan ve çalışma alanına dönüşebilen kış bahçesi; doğu cephesindeki odaları sabah ışığını doğrudan alıyor,https://example.com/ilan/ILN-006,assets/villa-garden-thumb.webp,active
ILN-007,Bomonti'de Sakin 2+1 Çatı Katı,İstanbul,Şişli,Bomonti,Çatı Katı,2+1,9432000,152,119,6,7,10,1,Doğalgaz kombi,Kuzey-Güney,True,True,True,True,True,2 araçlık kapalı otopark,Resepsiyon ve kamera,Şehir,Özel bahçe,Amerikan mutfak,Kat mülkiyetli,True,Mülk sahibi oturuyor,2550,Peyzajlı bahçe; sosyal tesis; basketbol sahası; bisiklet parkı,"Otobüs 180 m; park 250 m; AVM 1,4 km; eczane 300 m",Akıllı ev altyapısı; elektrikli panjur; yangın alarmı; jeneratör,"Bomonti merkezine yakın, iyi planlanmış 152 m² yaşam alanı. Çocuk parkını doğrudan gören güvenli aile yerleşimi; doğu cephesindeki odaları sabah ışığını doğrudan alıyor.",Çocuk parkını doğrudan gören güvenli aile yerleşimi; doğu cephesindeki odaları sabah ışığını doğrudan alıyor,https://example.com/ilan/ILN-007,assets/family-complex-thumb.webp,active
ILN-008,Ataköy'de Prestijli 2+1 Daire,İstanbul,Bakırköy,Ataköy,Daire,2+1,9894000,159,126,7,8,11,1,Merkezi sistem,Güney-Batı,True,True,True,False,True,Kapalı + açık otopark,Akıllı diafon,Peyzaj,Teras,Yarı açık mutfak,Kat mülkiyetli,True,Boş,2825,Sauna; kapalı havuz; pilates salonu; dinlenme alanı,Sahil 700 m; kafe 150 m; spor tesisi 900 m; okul 500 m,Güneş paneli altyapısı; su deposu; merkezi uydu; çelik kapı,"Ataköy merkezine yakın, iyi planlanmış 159 m² yaşam alanı. Masrafsız, ankastreleri yenilenmiş ve hemen taşınmaya hazır; doğu cephesindeki odaları sabah ışığını doğrudan alıyor.","Masrafsız, ankastreleri yenilenmiş ve hemen taşınmaya hazır; doğu cephesindeki odaları sabah ışığını doğrudan alıyor",https://example.com/ilan/ILN-008,assets/city-apartment-thumb.webp,active
ILN-009,Yakacık'de Ferah 3+1 Bahçe Katı,İstanbul,Kartal,Yakacık,Bahçe Katı,3+1,11340000,190,154,8,Bahçe katı,12,2,Isı pompası,Doğu,True,True,False,False,True,Kapalı otopark,7/24 güvenlik ve kamera,Orman,Fransız balkon,Kapalı mutfak,Kat mülkiyetli,True,Boş,3100,Çocuk kulübü; hobi odası; toplantı salonu; misafir otoparkı,"Ana yol 350 m; üniversite 1,8 km; market 200 m; hastane 1,2 km",VRF klima; ankastre set; yerden ısıtma; yüksek hızlı internet,"Yakacık merkezine yakın, iyi planlanmış 190 m² yaşam alanı. Yüksek tavanı ve tavandan zemine camlarıyla ferah yaşam alanı; doğu cephesindeki odaları sabah ışığını doğrudan alıyor.",Yüksek tavanı ve tavandan zemine camlarıyla ferah yaşam alanı; doğu cephesindeki odaları sabah ışığını doğrudan alıyor,https://example.com/ilan/ILN-009,assets/garden-flat-thumb.webp,active
ILN-010,Altayçeşme'de Modern 5+1 Villa,İstanbul,Maltepe,Altayçeşme,Villa,5+1,17460000,335,276,9,10,13,3,Fan coil,Batı,True,True,True,False,True,Açık otopark,Güvenlikli giriş,Deniz,Kış bahçesi,Ada mutfak,Kat mülkiyetli,False,Mülk sahibi oturuyor,3375,Barbekü alanı; pergola; tenis kortu; evcil hayvan alanı,Marmaray 800 m; çocuk parkı 100 m; çarşı 550 m; eczane 220 m,Deprem yönetmeliğine uygun; sprinkler; duman dedektörü; hidrofor,"Altayçeşme merkezine yakın, iyi planlanmış 335 m² yaşam alanı. Ayrı girişli misafir odası veya ev ofisi kullanımı; doğu cephesindeki odaları sabah ışığını doğrudan alıyor.",Ayrı girişli misafir odası veya ev ofisi kullanımı; doğu cephesindeki odaları sabah ışığını doğrudan alıyor,https://example.com/ilan/ILN-010,assets/villa-garden-thumb.webp,active
ILN-011,Oran'de Bahçeli 4+1 Dubleks,Ankara,Çankaya,Oran,Dubleks,4+1,10583000,163,137,10,11,14,2,Yerden ısıtma,Güney-Doğu,True,False,True,False,True,2 araçlık kapalı otopark,Resepsiyon ve kamera,Vadi,Geniş balkon,Amerikan mutfak,Kat mülkiyetli,True,Boş,3650,Yüzme havuzu; spor salonu; çocuk parkı; yürüyüş parkuru,"Metro 450 m; market 120 m; okul 600 m; hastane 2,1 km",Isı ve ses yalıtımı; çift cam; fiber internet; görüntülü diafon,"Oran merkezine yakın, iyi planlanmış 163 m² yaşam alanı. Deniz manzarasının kapanmayacağı ön cephe konumu; doğu cephesindeki odaları sabah ışığını doğrudan alıyor.",Deniz manzarasının kapanmayacağı ön cephe konumu; doğu cephesindeki odaları sabah ışığını doğrudan alıyor,https://example.com/ilan/ILN-011,assets/penthouse-terrace-thumb.webp,active
ILN-012,İskele'de Manzaralı 1+1 Rezidans,İzmir,Urla,İskele,Rezidans,1+1,8093000,98,84,11,12,15,1,Doğalgaz kombi,Kuzey-Güney,True,True,False,False,True,Kapalı + açık otopark,Akıllı diafon,Park,Özel bahçe,Yarı açık mutfak,Kat mülkiyetli,True,Boş,3925,Peyzajlı bahçe; sosyal tesis; basketbol sahası; bisiklet parkı,"Otobüs 180 m; park 250 m; AVM 1,4 km; eczane 300 m",Akıllı ev altyapısı; elektrikli panjur; yangın alarmı; jeneratör,"İskele merkezine yakın, iyi planlanmış 98 m² yaşam alanı. Isı pompası ve güneş paneli altyapısıyla düşük enerji gideri; doğu cephesindeki odaları sabah ışığını doğrudan alıyor.",Isı pompası ve güneş paneli altyapısıyla düşük enerji gideri; doğu cephesindeki odaları sabah ışığını doğrudan alıyor,https://example.com/ilan/ILN-012,assets/smart-studio-thumb.webp,active
ILN-013,Kayaşehir'de Aile Dostu 3+1 Müstakil Ev,İstanbul,Başakşehir,Kayaşehir,Müstakil Ev,3+1,12113000,243,190,12,13,16,2,Merkezi sistem,Güney-Batı,True,False,False,True,True,Kapalı otopark,7/24 güvenlik ve kamera,Şehir,Teras,Kapalı mutfak,Kat mülkiyetli,True,Mülk sahibi oturuyor,900,Sauna; kapalı havuz; pilates salonu; dinlenme alanı,Sahil 700 m; kafe 150 m; spor tesisi 900 m; okul 500 m,Güneş paneli altyapısı; su deposu; merkezi uydu; çelik kapı,"Kayaşehir merkezine yakın, iyi planlanmış 243 m² yaşam alanı. Ada mutfak ve sekiz kişilik yemek alanıyla güçlü sosyal plan; doğu cephesindeki odaları sabah ışığını doğrudan alıyor.",Ada mutfak ve sekiz kişilik yemek alanıyla güçlü sosyal plan; doğu cephesindeki odaları sabah ışığını doğrudan alıyor,https://example.com/ilan/ILN-013,assets/family-complex-thumb.webp,active
ILN-014,Bahçeşehir'de Yatırımlık 3+1 Çatı Katı,İstanbul,Başakşehir,Bahçeşehir,Çatı Katı,3+1,8885000,160,127,13,14,17,2,Isı pompası,Doğu,True,True,True,False,True,Açık otopark,Güvenlikli giriş,Peyzaj,Fransız balkon,Ada mutfak,Kat mülkiyetli,True,Boş,1175,Çocuk kulübü; hobi odası; toplantı salonu; misafir otoparkı,"Ana yol 350 m; üniversite 1,8 km; market 200 m; hastane 1,2 km",VRF klima; ankastre set; yerden ısıtma; yüksek hızlı internet,"Bahçeşehir merkezine yakın, iyi planlanmış 160 m² yaşam alanı. Site içindeki spor salonu ve yüzme havuzuna yakın blok; doğu cephesindeki odaları sabah ışığını doğrudan alıyor.",Site içindeki spor salonu ve yüzme havuzuna yakın blok; doğu cephesindeki odaları sabah ışığını doğrudan alıyor,https://example.com/ilan/ILN-014,assets/penthouse-terrace-thumb.webp,active
ILN-015,Adnan Kahveci'de Sakin 3+1 Daire,İstanbul,Beylikdüzü,Adnan Kahveci,Daire,3+1,9347000,167,135,14,15,18,2,Fan coil,Batı,True,True,True,False,True,2 araçlık kapalı otopark,Resepsiyon ve kamera,Orman,Kış bahçesi,Amerikan mutfak,Kat mülkiyetli,True,Boş,1450,Barbekü alanı; pergola; tenis kortu; evcil hayvan alanı,Marmaray 800 m; çocuk parkı 100 m; çarşı 550 m; eczane 220 m,Deprem yönetmeliğine uygun; sprinkler; duman dedektörü; hidrofor,"Adnan Kahveci merkezine yakın, iyi planlanmış 167 m² yaşam alanı. Evcil hayvanlar için çevrili özel bahçe ve yıkama alanı; doğu cephesindeki odaları sabah ışığını doğrudan alıyor.",Evcil hayvanlar için çevrili özel bahçe ve yıkama alanı; doğu cephesindeki odaları sabah ışığını doğrudan alıyor,https://example.com/ilan/ILN-015,assets/city-apartment-thumb.webp,active
ILN-016,Fenerbahçe'de Prestijli 4+1 Bahçe Katı,İstanbul,Kadıköy,Fenerbahçe,Bahçe Katı,4+1,10793000,198,163,15,Bahçe katı,19,2,Yerden ısıtma,Güney-Doğu,True,False,True,False,True,Kapalı + açık otopark,Akıllı diafon,Deniz,Geniş balkon,Yarı açık mutfak,Kat mülkiyetli,True,Mülk sahibi oturuyor,1725,Yüzme havuzu; spor salonu; çocuk parkı; yürüyüş parkuru,"Metro 450 m; market 120 m; okul 600 m; hastane 2,1 km",Isı ve ses yalıtımı; çift cam; fiber internet; görüntülü diafon,"Fenerbahçe merkezine yakın, iyi planlanmış 198 m² yaşam alanı. Kiler, çamaşır odası ve gömme dolaplarla yüksek depolama kapasitesi; doğu cephesindeki odaları sabah ışığını doğrudan alıyor.","Kiler, çamaşır odası ve gömme dolaplarla yüksek depolama kapasitesi; doğu cephesindeki odaları sabah ışığını doğrudan alıyor",https://example.com/ilan/ILN-016,assets/garden-flat-thumb.webp,active
ILN-017,Çengelköy'de Ferah 6+2 Villa,İstanbul,Üsküdar,Çengelköy,Villa,6+2,17897000,367,308,0,1,4,4,Doğalgaz kombi,Kuzey-Güney,True,True,False,False,False,Kapalı otopark,7/24 güvenlik ve kamera,Vadi,Özel bahçe,Kapalı mutfak,Kat mülkiyetli,True,Boş,2000,Peyzajlı bahçe; sosyal tesis; basketbol sahası; bisiklet parkı,"Otobüs 180 m; park 250 m; AVM 1,4 km; eczane 300 m",Akıllı ev altyapısı; elektrikli panjur; yangın alarmı; jeneratör,"Çengelköy merkezine yakın, iyi planlanmış 367 m² yaşam alanı. İki aile kullanımına uygun bölünebilir dubleks plan; doğu cephesindeki odaları sabah ışığını doğrudan alıyor.",İki aile kullanımına uygun bölünebilir dubleks plan; doğu cephesindeki odaları sabah ışığını doğrudan alıyor,https://example.com/ilan/ILN-017,assets/villa-garden-thumb.webp,active
ILN-018,Zekeriyaköy'de Modern 5+1 Dubleks,İstanbul,Sarıyer,Zekeriyaköy,Dubleks,5+1,12701000,236,202,1,3,5,3,Merkezi sistem,Güney-Batı,True,True,False,False,True,Açık otopark,Güvenlikli giriş,Park,Teras,Ada mutfak,Kat mülkiyetli,True,Boş,2275,Sauna; kapalı havuz; pilates salonu; dinlenme alanı,Sahil 700 m; kafe 150 m; spor tesisi 900 m; okul 500 m,Güneş paneli altyapısı; su deposu; merkezi uydu; çelik kapı,"Zekeriyaköy merkezine yakın, iyi planlanmış 236 m² yaşam alanı. Geniş terasında pergola ve açık hava mutfağı altyapısı; doğu cephesindeki odaları sabah ışığını doğrudan alıyor.",Geniş terasında pergola ve açık hava mutfağı altyapısı; doğu cephesindeki odaları sabah ışığını doğrudan alıyor,https://example.com/ilan/ILN-018,assets/penthouse-terrace-thumb.webp,active
ILN-019,Bomonti'de Bahçeli 2+1 Rezidans,İstanbul,Şişli,Bomonti,Rezidans,2+1,10211000,171,133,2,1,6,1,Isı pompası,Doğu,False,True,True,True,True,2 araçlık kapalı otopark,Resepsiyon ve kamera,Şehir,Fransız balkon,Amerikan mutfak,Kat mülkiyetli,False,Mülk sahibi oturuyor,2550,Çocuk kulübü; hobi odası; toplantı salonu; misafir otoparkı,"Ana yol 350 m; üniversite 1,8 km; market 200 m; hastane 1,2 km",VRF klima; ankastre set; yerden ısıtma; yüksek hızlı internet,"Bomonti merkezine yakın, iyi planlanmış 171 m² yaşam alanı. Kuzey-güney çift cephe sayesinde doğal hava dolaşımı; doğu cephesindeki odaları sabah ışığını doğrudan alıyor.",Kuzey-güney çift cephe sayesinde doğal hava dolaşımı; doğu cephesindeki odaları sabah ışığını doğrudan alıyor,https://example.com/ilan/ILN-019,assets/family-complex-thumb.webp,active
ILN-020,Ataköy'de Manzaralı 4+1 Müstakil Ev,İstanbul,Bakırköy,Ataköy,Müstakil Ev,4+1,13666000,251,200,3,6,7,2,Fan coil,Batı,True,False,True,False,True,Kapalı + açık otopark,Akıllı diafon,Peyzaj,Kış bahçesi,Yarı açık mutfak,Kat mülkiyetli,True,Boş,2825,Barbekü alanı; pergola; tenis kortu; evcil hayvan alanı,Marmaray 800 m; çocuk parkı 100 m; çarşı 550 m; eczane 220 m,Deprem yönetmeliğine uygun; sprinkler; duman dedektörü; hidrofor,"Ataköy merkezine yakın, iyi planlanmış 251 m² yaşam alanı. Okul ve günlük ihtiyaçlara araçsız ulaşılabilen merkezi konum; doğu cephesindeki odaları sabah ışığını doğrudan alıyor.",Okul ve günlük ihtiyaçlara araçsız ulaşılabilen merkezi konum; doğu cephesindeki odaları sabah ışığını doğrudan alıyor,https://example.com/ilan/ILN-020,assets/villa-garden-thumb.webp,active
ILN-021,Yakacık'de Aile Dostu 4+1 Çatı Katı,İstanbul,Kartal,Yakacık,Çatı Katı,4+1,10438000,168,136,4,5,8,2,Yerden ısıtma,Güney-Doğu,True,False,False,False,True,Kapalı otopark,7/24 güvenlik ve kamera,Orman,Geniş balkon,Kapalı mutfak,Kat mülkiyetli,True,Boş,3100,Yüzme havuzu; spor salonu; çocuk parkı; yürüyüş parkuru,"Metro 450 m; market 120 m; okul 600 m; hastane 2,1 km",Isı ve ses yalıtımı; çift cam; fiber internet; görüntülü diafon,"Yakacık merkezine yakın, iyi planlanmış 168 m² yaşam alanı. Salondan çıkılan, gün boyu güneş alan geniş özel bahçe; telefonla kontrol edilen akıllı ısıtma ve panjur sistemi bulunuyor.","Salondan çıkılan, gün boyu güneş alan geniş özel bahçe; telefonla kontrol edilen akıllı ısıtma ve panjur sistemi bulunuyor",https://example.com/ilan/ILN-021,assets/penthouse-terrace-thumb.webp,active
ILN-022,Altayçeşme'de Yatırımlık 4+1 Daire,İstanbul,Maltepe,Altayçeşme,Daire,4+1,10900000,175,144,5,4,9,2,Doğalgaz kombi,Kuzey-Güney,True,True,True,False,True,Açık otopark,Güvenlikli giriş,Deniz,Özel bahçe,Ada mutfak,Kat mülkiyetli,True,Mülk sahibi oturuyor,3375,Peyzajlı bahçe; sosyal tesis; basketbol sahası; bisiklet parkı,"Otobüs 180 m; park 250 m; AVM 1,4 km; eczane 300 m",Akıllı ev altyapısı; elektrikli panjur; yangın alarmı; jeneratör,"Altayçeşme merkezine yakın, iyi planlanmış 175 m² yaşam alanı. Kesintisiz şehir manzaralı 28 m² köşe balkon; telefonla kontrol edilen akıllı ısıtma ve panjur sistemi bulunuyor.",Kesintisiz şehir manzaralı 28 m² köşe balkon; telefonla kontrol edilen akıllı ısıtma ve panjur sistemi bulunuyor,https://example.com/ilan/ILN-022,assets/city-apartment-thumb.webp,active
ILN-023,Oran'de Sakin 2+1 Bahçe Katı,Ankara,Çankaya,Oran,Bahçe Katı,2+1,9394000,134,113,6,Bahçe katı,10,1,Merkezi sistem,Güney-Batı,True,True,True,False,True,2 araçlık kapalı otopark,Resepsiyon ve kamera,Vadi,Teras,Amerikan mutfak,Kat mülkiyetli,True,Boş,3650,Sauna; kapalı havuz; pilates salonu; dinlenme alanı,Sahil 700 m; kafe 150 m; spor tesisi 900 m; okul 500 m,Güneş paneli altyapısı; su deposu; merkezi uydu; çelik kapı,"Oran merkezine yakın, iyi planlanmış 134 m² yaşam alanı. Elektrikli araç şarj ünitesine hazır iki araçlık kapalı otopark; telefonla kontrol edilen akıllı ısıtma ve panjur sistemi bulunuyor.",Elektrikli araç şarj ünitesine hazır iki araçlık kapalı otopark; telefonla kontrol edilen akıllı ısıtma ve panjur sistemi bulunuyor,https://example.com/ilan/ILN-023,assets/garden-flat-thumb.webp,active
ILN-024,İskele'de Prestijli 7+2 Villa,İzmir,Urla,İskele,Villa,7+2,19450000,375,321,7,2,11,4,Isı pompası,Doğu,True,True,False,False,True,Kapalı + açık otopark,Akıllı diafon,Park,Fransız balkon,Yarı açık mutfak,Kat mülkiyetli,True,Boş,3925,Çocuk kulübü; hobi odası; toplantı salonu; misafir otoparkı,"Ana yol 350 m; üniversite 1,8 km; market 200 m; hastane 1,2 km",VRF klima; ankastre set; yerden ısıtma; yüksek hızlı internet,"İskele merkezine yakın, iyi planlanmış 375 m² yaşam alanı. Ebeveyn banyosu ve bağımsız giyinme odası; telefonla kontrol edilen akıllı ısıtma ve panjur sistemi bulunuyor.",Ebeveyn banyosu ve bağımsız giyinme odası; telefonla kontrol edilen akıllı ısıtma ve panjur sistemi bulunuyor,https://example.com/ilan/ILN-024,assets/villa-garden-thumb.webp,active
ILN-025,Kayaşehir'de Ferah 3+1 Dubleks,İstanbul,Başakşehir,Kayaşehir,Dubleks,3+1,9202000,172,134,8,1,12,2,Fan coil,Batı,True,True,False,True,True,Kapalı otopark,7/24 güvenlik ve kamera,Şehir,Kış bahçesi,Kapalı mutfak,Kat mülkiyetli,True,Mülk sahibi oturuyor,900,Barbekü alanı; pergola; tenis kortu; evcil hayvan alanı,Marmaray 800 m; çocuk parkı 100 m; çarşı 550 m; eczane 220 m,Deprem yönetmeliğine uygun; sprinkler; duman dedektörü; hidrofor,"Kayaşehir merkezine yakın, iyi planlanmış 172 m² yaşam alanı. Metro girişine yürüyerek yalnızca üç dakika; telefonla kontrol edilen akıllı ısıtma ve panjur sistemi bulunuyor.",Metro girişine yürüyerek yalnızca üç dakika; telefonla kontrol edilen akıllı ısıtma ve panjur sistemi bulunuyor,https://example.com/ilan/ILN-025,assets/family-complex-thumb.webp,active
ILN-026,Bahçeşehir'de Modern 3+1 Rezidans,İstanbul,Başakşehir,Bahçeşehir,Rezidans,3+1,9664000,179,142,9,13,13,2,Yerden ısıtma,Güney-Doğu,True,False,True,False,True,Açık otopark,Güvenlikli giriş,Peyzaj,Geniş balkon,Ada mutfak,Kat mülkiyetli,True,Boş,1175,Yüzme havuzu; spor salonu; çocuk parkı; yürüyüş parkuru,"Metro 450 m; market 120 m; okul 600 m; hastane 2,1 km",Isı ve ses yalıtımı; çift cam; fiber internet; görüntülü diafon,"Bahçeşehir merkezine yakın, iyi planlanmış 179 m² yaşam alanı. Sessiz avluya bakan ve çalışma alanına dönüşebilen kış bahçesi; telefonla kontrol edilen akıllı ısıtma ve panjur sistemi bulunuyor.",Sessiz avluya bakan ve çalışma alanına dönüşebilen kış bahçesi; telefonla kontrol edilen akıllı ısıtma ve panjur sistemi bulunuyor,https://example.com/ilan/ILN-026,assets/smart-studio-thumb.webp,active
ILN-027,Adnan Kahveci'de Bahçeli 5+2 Müstakil Ev,İstanbul,Beylikdüzü,Adnan Kahveci,Müstakil Ev,5+2,16768000,348,282,10,13,14,3,Doğalgaz kombi,Kuzey-Güney,True,False,True,False,True,2 araçlık kapalı otopark,Resepsiyon ve kamera,Orman,Özel bahçe,Amerikan mutfak,Kat mülkiyetli,True,Boş,1450,Peyzajlı bahçe; sosyal tesis; basketbol sahası; bisiklet parkı,"Otobüs 180 m; park 250 m; AVM 1,4 km; eczane 300 m",Akıllı ev altyapısı; elektrikli panjur; yangın alarmı; jeneratör,"Adnan Kahveci merkezine yakın, iyi planlanmış 348 m² yaşam alanı. Çocuk parkını doğrudan gören güvenli aile yerleşimi; telefonla kontrol edilen akıllı ısıtma ve panjur sistemi bulunuyor.",Çocuk parkını doğrudan gören güvenli aile yerleşimi; telefonla kontrol edilen akıllı ısıtma ve panjur sistemi bulunuyor,https://example.com/ilan/ILN-027,assets/villa-garden-thumb.webp,active
ILN-028,Fenerbahçe'de Manzaralı 2+1 Çatı Katı,İstanbul,Kadıköy,Fenerbahçe,Çatı Katı,2+1,9604000,169,139,11,13,15,1,Merkezi sistem,Güney-Batı,True,True,True,False,True,Kapalı + açık otopark,Akıllı diafon,Deniz,Teras,Yarı açık mutfak,Kat mülkiyetli,False,Mülk sahibi oturuyor,1725,Sauna; kapalı havuz; pilates salonu; dinlenme alanı,Sahil 700 m; kafe 150 m; spor tesisi 900 m; okul 500 m,Güneş paneli altyapısı; su deposu; merkezi uydu; çelik kapı,"Fenerbahçe merkezine yakın, iyi planlanmış 169 m² yaşam alanı. Masrafsız, ankastreleri yenilenmiş ve hemen taşınmaya hazır; telefonla kontrol edilen akıllı ısıtma ve panjur sistemi bulunuyor.","Masrafsız, ankastreleri yenilenmiş ve hemen taşınmaya hazır; telefonla kontrol edilen akıllı ısıtma ve panjur sistemi bulunuyor",https://example.com/ilan/ILN-028,assets/penthouse-terrace-thumb.webp,active
ILN-029,Çengelköy'de Aile Dostu 1+1 Daire,İstanbul,Üsküdar,Çengelköy,Daire,1+1,6417000,87,73,12,13,16,1,Isı pompası,Doğu,True,True,False,False,True,Kapalı otopark,7/24 güvenlik ve kamera,Vadi,Fransız balkon,Kapalı mutfak,Kat mülkiyetli,True,Boş,2000,Çocuk kulübü; hobi odası; toplantı salonu; misafir otoparkı,"Ana yol 350 m; üniversite 1,8 km; market 200 m; hastane 1,2 km",VRF klima; ankastre set; yerden ısıtma; yüksek hızlı internet,"Çengelköy merkezine yakın, iyi planlanmış 87 m² yaşam alanı. Yüksek tavanı ve tavandan zemine camlarıyla ferah yaşam alanı; telefonla kontrol edilen akıllı ısıtma ve panjur sistemi bulunuyor.",Yüksek tavanı ve tavandan zemine camlarıyla ferah yaşam alanı; telefonla kontrol edilen akıllı ısıtma ve panjur sistemi bulunuyor,https://example.com/ilan/ILN-029,assets/city-apartment-thumb.webp,active
ILN-030,Zekeriyaköy'de Yatırımlık 3+1 Bahçe Katı,İstanbul,Sarıyer,Zekeriyaköy,Bahçe Katı,3+1,8847000,142,121,13,Bahçe katı,17,2,Fan coil,Batı,True,True,False,False,True,Açık otopark,Güvenlikli giriş,Park,Kış bahçesi,Ada mutfak,Kat mülkiyetli,True,Boş,2275,Barbekü alanı; pergola; tenis kortu; evcil hayvan alanı,Marmaray 800 m; çocuk parkı 100 m; çarşı 550 m; eczane 220 m,Deprem yönetmeliğine uygun; sprinkler; duman dedektörü; hidrofor,"Zekeriyaköy merkezine yakın, iyi planlanmış 142 m² yaşam alanı. Ayrı girişli misafir odası veya ev ofisi kullanımı; telefonla kontrol edilen akıllı ısıtma ve panjur sistemi bulunuyor.",Ayrı girişli misafir odası veya ev ofisi kullanımı; telefonla kontrol edilen akıllı ısıtma ve panjur sistemi bulunuyor,https://example.com/ilan/ILN-030,assets/garden-flat-thumb.webp,active
ILN-031,Bomonti'de Sakin 4+1 Villa,İstanbul,Şişli,Bomonti,Villa,4+1,13983000,263,205,14,13,18,2,Yerden ısıtma,Güney-Doğu,True,False,True,True,True,2 araçlık kapalı otopark,Resepsiyon ve kamera,Şehir,Geniş balkon,Amerikan mutfak,Kat mülkiyetli,True,Mülk sahibi oturuyor,2550,Yüzme havuzu; spor salonu; çocuk parkı; yürüyüş parkuru,"Metro 450 m; market 120 m; okul 600 m; hastane 2,1 km",Isı ve ses yalıtımı; çift cam; fiber internet; görüntülü diafon,"Bomonti merkezine yakın, iyi planlanmış 263 m² yaşam alanı. Deniz manzarasının kapanmayacağı ön cephe konumu; telefonla kontrol edilen akıllı ısıtma ve panjur sistemi bulunuyor.",Deniz manzarasının kapanmayacağı ön cephe konumu; telefonla kontrol edilen akıllı ısıtma ve panjur sistemi bulunuyor,https://example.com/ilan/ILN-031,assets/family-complex-thumb.webp,active
ILN-032,Ataköy'de Prestijli 4+1 Dubleks,İstanbul,Bakırköy,Ataköy,Dubleks,4+1,10755000,180,143,15,13,19,2,Doğalgaz kombi,Kuzey-Güney,True,True,True,False,True,Kapalı + açık otopark,Akıllı diafon,Peyzaj,Özel bahçe,Yarı açık mutfak,Kat mülkiyetli,True,Boş,2825,Peyzajlı bahçe; sosyal tesis; basketbol sahası; bisiklet parkı,"Otobüs 180 m; park 250 m; AVM 1,4 km; eczane 300 m",Akıllı ev altyapısı; elektrikli panjur; yangın alarmı; jeneratör,"Ataköy merkezine yakın, iyi planlanmış 180 m² yaşam alanı. Isı pompası ve güneş paneli altyapısıyla düşük enerji gideri; telefonla kontrol edilen akıllı ısıtma ve panjur sistemi bulunuyor.",Isı pompası ve güneş paneli altyapısıyla düşük enerji gideri; telefonla kontrol edilen akıllı ısıtma ve panjur sistemi bulunuyor,https://example.com/ilan/ILN-032,assets/penthouse-terrace-thumb.webp,active
ILN-033,Yakacık'de Ferah 1+0 Rezidans,İstanbul,Kartal,Yakacık,Rezidans,1+0,7281000,91,74,0,1,4,1,Merkezi sistem,Güney-Batı,True,True,False,False,False,Kapalı otopark,7/24 güvenlik ve kamera,Orman,Teras,Kapalı mutfak,Kat mülkiyetli,True,Boş,3100,Sauna; kapalı havuz; pilates salonu; dinlenme alanı,Sahil 700 m; kafe 150 m; spor tesisi 900 m; okul 500 m,Güneş paneli altyapısı; su deposu; merkezi uydu; çelik kapı,"Yakacık merkezine yakın, iyi planlanmış 91 m² yaşam alanı. Ada mutfak ve sekiz kişilik yemek alanıyla güçlü sosyal plan; telefonla kontrol edilen akıllı ısıtma ve panjur sistemi bulunuyor.",Ada mutfak ve sekiz kişilik yemek alanıyla güçlü sosyal plan; telefonla kontrol edilen akıllı ısıtma ve panjur sistemi bulunuyor,https://example.com/ilan/ILN-033,assets/smart-studio-thumb.webp,active
ILN-034,Altayçeşme'de Modern 2+1 Müstakil Ev,İstanbul,Maltepe,Altayçeşme,Müstakil Ev,2+1,13401000,236,195,1,4,5,1,Isı pompası,Doğu,True,False,True,False,True,Açık otopark,Güvenlikli giriş,Deniz,Fransız balkon,Ada mutfak,Kat mülkiyetli,True,Mülk sahibi oturuyor,3375,Çocuk kulübü; hobi odası; toplantı salonu; misafir otoparkı,"Ana yol 350 m; üniversite 1,8 km; market 200 m; hastane 1,2 km",VRF klima; ankastre set; yerden ısıtma; yüksek hızlı internet,"Altayçeşme merkezine yakın, iyi planlanmış 236 m² yaşam alanı. Site içindeki spor salonu ve yüzme havuzuna yakın blok; telefonla kontrol edilen akıllı ısıtma ve panjur sistemi bulunuyor.",Site içindeki spor salonu ve yüzme havuzuna yakın blok; telefonla kontrol edilen akıllı ısıtma ve panjur sistemi bulunuyor,https://example.com/ilan/ILN-034,assets/villa-garden-thumb.webp,active
ILN-035,Oran'de Bahçeli 3+1 Çatı Katı,Ankara,Çankaya,Oran,Çatı Katı,3+1,11157000,177,149,2,5,6,2,Fan coil,Batı,True,True,True,False,True,2 araçlık kapalı otopark,Resepsiyon ve kamera,Vadi,Kış bahçesi,Amerikan mutfak,Kat mülkiyetli,True,Boş,3650,Barbekü alanı; pergola; tenis kortu; evcil hayvan alanı,Marmaray 800 m; çocuk parkı 100 m; çarşı 550 m; eczane 220 m,Deprem yönetmeliğine uygun; sprinkler; duman dedektörü; hidrofor,"Oran merkezine yakın, iyi planlanmış 177 m² yaşam alanı. Evcil hayvanlar için çevrili özel bahçe ve yıkama alanı; telefonla kontrol edilen akıllı ısıtma ve panjur sistemi bulunuyor.",Evcil hayvanlar için çevrili özel bahçe ve yıkama alanı; telefonla kontrol edilen akıllı ısıtma ve panjur sistemi bulunuyor,https://example.com/ilan/ILN-035,assets/penthouse-terrace-thumb.webp,active
ILN-036,İskele'de Manzaralı 2+1 Daire,İzmir,Urla,İskele,Daire,2+1,10635000,160,137,3,1,7,1,Yerden ısıtma,Güney-Doğu,True,False,False,False,True,Kapalı + açık otopark,Akıllı diafon,Park,Geniş balkon,Yarı açık mutfak,Kat mülkiyetli,True,Boş,3925,Yüzme havuzu; spor salonu; çocuk parkı; yürüyüş parkuru,"Metro 450 m; market 120 m; okul 600 m; hastane 2,1 km",Isı ve ses yalıtımı; çift cam; fiber internet; görüntülü diafon,"İskele merkezine yakın, iyi planlanmış 160 m² yaşam alanı. Kiler, çamaşır odası ve gömme dolaplarla yüksek depolama kapasitesi; telefonla kontrol edilen akıllı ısıtma ve panjur sistemi bulunuyor.","Kiler, çamaşır odası ve gömme dolaplarla yüksek depolama kapasitesi; telefonla kontrol edilen akıllı ısıtma ve panjur sistemi bulunuyor",https://example.com/ilan/ILN-036,assets/city-apartment-thumb.webp,active
ILN-037,Kayaşehir'de Aile Dostu 4+1 Bahçe Katı,İstanbul,Başakşehir,Kayaşehir,Bahçe Katı,4+1,10965000,215,168,4,Bahçe katı,8,2,Doğalgaz kombi,Kuzey-Güney,True,True,False,True,True,Kapalı otopark,7/24 güvenlik ve kamera,Şehir,Özel bahçe,Kapalı mutfak,Kat mülkiyetli,False,Mülk sahibi oturuyor,900,Peyzajlı bahçe; sosyal tesis; basketbol sahası; bisiklet parkı,"Otobüs 180 m; park 250 m; AVM 1,4 km; eczane 300 m",Akıllı ev altyapısı; elektrikli panjur; yangın alarmı; jeneratör,"Kayaşehir merkezine yakın, iyi planlanmış 215 m² yaşam alanı. İki aile kullanımına uygun bölünebilir dubleks plan; telefonla kontrol edilen akıllı ısıtma ve panjur sistemi bulunuyor.",İki aile kullanımına uygun bölünebilir dubleks plan; telefonla kontrol edilen akıllı ısıtma ve panjur sistemi bulunuyor,https://example.com/ilan/ILN-037,assets/family-complex-thumb.webp,active
ILN-038,Bahçeşehir'de Yatırımlık 5+1 Villa,İstanbul,Başakşehir,Bahçeşehir,Villa,5+1,16101000,336,267,5,2,9,3,Merkezi sistem,Güney-Batı,True,True,True,False,True,Açık otopark,Güvenlikli giriş,Peyzaj,Teras,Ada mutfak,Kat mülkiyetli,True,Boş,1175,Sauna; kapalı havuz; pilates salonu; dinlenme alanı,Sahil 700 m; kafe 150 m; spor tesisi 900 m; okul 500 m,Güneş paneli altyapısı; su deposu; merkezi uydu; çelik kapı,"Bahçeşehir merkezine yakın, iyi planlanmış 336 m² yaşam alanı. Geniş terasında pergola ve açık hava mutfağı altyapısı; telefonla kontrol edilen akıllı ısıtma ve panjur sistemi bulunuyor.",Geniş terasında pergola ve açık hava mutfağı altyapısı; telefonla kontrol edilen akıllı ısıtma ve panjur sistemi bulunuyor,https://example.com/ilan/ILN-038,assets/villa-garden-thumb.webp,active
ILN-039,Adnan Kahveci'de Sakin 5+1 Dubleks,İstanbul,Beylikdüzü,Adnan Kahveci,Dubleks,5+1,10208000,188,152,6,9,10,3,Isı pompası,Doğu,True,True,True,False,True,2 araçlık kapalı otopark,Resepsiyon ve kamera,Orman,Fransız balkon,Amerikan mutfak,Kat mülkiyetli,True,Boş,1450,Çocuk kulübü; hobi odası; toplantı salonu; misafir otoparkı,"Ana yol 350 m; üniversite 1,8 km; market 200 m; hastane 1,2 km",VRF klima; ankastre set; yerden ısıtma; yüksek hızlı internet,"Adnan Kahveci merkezine yakın, iyi planlanmış 188 m² yaşam alanı. Kuzey-güney çift cephe sayesinde doğal hava dolaşımı; telefonla kontrol edilen akıllı ısıtma ve panjur sistemi bulunuyor.",Kuzey-güney çift cephe sayesinde doğal hava dolaşımı; telefonla kontrol edilen akıllı ısıtma ve panjur sistemi bulunuyor,https://example.com/ilan/ILN-039,assets/penthouse-terrace-thumb.webp,active
ILN-040,Fenerbahçe'de Prestijli 1+1 Rezidans,İstanbul,Kadıköy,Fenerbahçe,Rezidans,1+1,6734000,99,82,7,7,11,1,Fan coil,Batı,False,True,True,False,True,Kapalı + açık otopark,Akıllı diafon,Deniz,Kış bahçesi,Yarı açık mutfak,Kat mülkiyetli,True,Mülk sahibi oturuyor,1725,Barbekü alanı; pergola; tenis kortu; evcil hayvan alanı,Marmaray 800 m; çocuk parkı 100 m; çarşı 550 m; eczane 220 m,Deprem yönetmeliğine uygun; sprinkler; duman dedektörü; hidrofor,"Fenerbahçe merkezine yakın, iyi planlanmış 99 m² yaşam alanı. Okul ve günlük ihtiyaçlara araçsız ulaşılabilen merkezi konum; telefonla kontrol edilen akıllı ısıtma ve panjur sistemi bulunuyor.",Okul ve günlük ihtiyaçlara araçsız ulaşılabilen merkezi konum; telefonla kontrol edilen akıllı ısıtma ve panjur sistemi bulunuyor,https://example.com/ilan/ILN-040,assets/smart-studio-thumb.webp,active
ILN-041,Çengelköy'de Ferah 3+1 Müstakil Ev,İstanbul,Üsküdar,Çengelköy,Müstakil Ev,3+1,12854000,244,205,8,5,12,2,Yerden ısıtma,Güney-Doğu,True,False,False,False,True,Kapalı otopark,7/24 güvenlik ve kamera,Vadi,Geniş balkon,Kapalı mutfak,Kat mülkiyetli,True,Boş,2000,Yüzme havuzu; spor salonu; çocuk parkı; yürüyüş parkuru,"Metro 450 m; market 120 m; okul 600 m; hastane 2,1 km",Isı ve ses yalıtımı; çift cam; fiber internet; görüntülü diafon,"Çengelköy merkezine yakın, iyi planlanmış 244 m² yaşam alanı. Salondan çıkılan, gün boyu güneş alan geniş özel bahçe; daireye ait kilitli depo alanı satış fiyatına dahil.","Salondan çıkılan, gün boyu güneş alan geniş özel bahçe; daireye ait kilitli depo alanı satış fiyatına dahil",https://example.com/ilan/ILN-041,assets/villa-garden-thumb.webp,active
ILN-042,Zekeriyaköy'de Modern 4+1 Çatı Katı,İstanbul,Sarıyer,Zekeriyaköy,Çatı Katı,4+1,10610000,185,158,9,3,13,2,Doğalgaz kombi,Kuzey-Güney,True,True,False,False,True,Açık otopark,Güvenlikli giriş,Park,Özel bahçe,Ada mutfak,Kat mülkiyetli,True,Boş,2275,Peyzajlı bahçe; sosyal tesis; basketbol sahası; bisiklet parkı,"Otobüs 180 m; park 250 m; AVM 1,4 km; eczane 300 m",Akıllı ev altyapısı; elektrikli panjur; yangın alarmı; jeneratör,"Zekeriyaköy merkezine yakın, iyi planlanmış 185 m² yaşam alanı. Kesintisiz şehir manzaralı 28 m² köşe balkon; daireye ait kilitli depo alanı satış fiyatına dahil.",Kesintisiz şehir manzaralı 28 m² köşe balkon; daireye ait kilitli depo alanı satış fiyatına dahil,https://example.com/ilan/ILN-042,assets/penthouse-terrace-thumb.webp,active
ILN-043,Bomonti'de Bahçeli 3+1 Daire,İstanbul,Şişli,Bomonti,Daire,3+1,10088000,168,131,10,1,14,2,Merkezi sistem,Güney-Batı,True,True,True,True,True,2 araçlık kapalı otopark,Resepsiyon ve kamera,Şehir,Teras,Amerikan mutfak,Kat mülkiyetli,True,Mülk sahibi oturuyor,2550,Sauna; kapalı havuz; pilates salonu; dinlenme alanı,Sahil 700 m; kafe 150 m; spor tesisi 900 m; okul 500 m,Güneş paneli altyapısı; su deposu; merkezi uydu; çelik kapı,"Bomonti merkezine yakın, iyi planlanmış 168 m² yaşam alanı. Elektrikli araç şarj ünitesine hazır iki araçlık kapalı otopark; daireye ait kilitli depo alanı satış fiyatına dahil.",Elektrikli araç şarj ünitesine hazır iki araçlık kapalı otopark; daireye ait kilitli depo alanı satış fiyatına dahil,https://example.com/ilan/ILN-043,assets/family-complex-thumb.webp,active
ILN-044,Ataköy'de Manzaralı 2+1 Bahçe Katı,İstanbul,Bakırköy,Ataköy,Bahçe Katı,2+1,9566000,151,120,11,Bahçe katı,15,1,Isı pompası,Doğu,True,True,True,False,True,Kapalı + açık otopark,Akıllı diafon,Peyzaj,Fransız balkon,Yarı açık mutfak,Kat mülkiyetli,True,Boş,2825,Çocuk kulübü; hobi odası; toplantı salonu; misafir otoparkı,"Ana yol 350 m; üniversite 1,8 km; market 200 m; hastane 1,2 km",VRF klima; ankastre set; yerden ısıtma; yüksek hızlı internet,"Ataköy merkezine yakın, iyi planlanmış 151 m² yaşam alanı. Ebeveyn banyosu ve bağımsız giyinme odası; daireye ait kilitli depo alanı satış fiyatına dahil.",Ebeveyn banyosu ve bağımsız giyinme odası; daireye ait kilitli depo alanı satış fiyatına dahil,https://example.com/ilan/ILN-044,assets/garden-flat-thumb.webp,active
ILN-045,Yakacık'de Aile Dostu 6+2 Villa,İstanbul,Kartal,Yakacık,Villa,6+2,18638000,368,298,12,13,16,4,Fan coil,Batı,True,True,False,False,True,Kapalı otopark,7/24 güvenlik ve kamera,Orman,Kış bahçesi,Kapalı mutfak,Kat mülkiyetli,True,Boş,3100,Barbekü alanı; pergola; tenis kortu; evcil hayvan alanı,Marmaray 800 m; çocuk parkı 100 m; çarşı 550 m; eczane 220 m,Deprem yönetmeliğine uygun; sprinkler; duman dedektörü; hidrofor,"Yakacık merkezine yakın, iyi planlanmış 368 m² yaşam alanı. Metro girişine yürüyerek yalnızca üç dakika; daireye ait kilitli depo alanı satış fiyatına dahil.",Metro girişine yürüyerek yalnızca üç dakika; daireye ait kilitli depo alanı satış fiyatına dahil,https://example.com/ilan/ILN-045,assets/villa-garden-thumb.webp,active
ILN-046,Altayçeşme'de Yatırımlık 3+1 Dubleks,İstanbul,Maltepe,Altayçeşme,Dubleks,3+1,11474000,189,156,13,12,17,2,Yerden ısıtma,Güney-Doğu,True,False,True,False,True,Açık otopark,Güvenlikli giriş,Deniz,Geniş balkon,Ada mutfak,Kat mülkiyetli,False,Mülk sahibi oturuyor,3375,Yüzme havuzu; spor salonu; çocuk parkı; yürüyüş parkuru,"Metro 450 m; market 120 m; okul 600 m; hastane 2,1 km",Isı ve ses yalıtımı; çift cam; fiber internet; görüntülü diafon,"Altayçeşme merkezine yakın, iyi planlanmış 189 m² yaşam alanı. Sessiz avluya bakan ve çalışma alanına dönüşebilen kış bahçesi; daireye ait kilitli depo alanı satış fiyatına dahil.",Sessiz avluya bakan ve çalışma alanına dönüşebilen kış bahçesi; daireye ait kilitli depo alanı satış fiyatına dahil,https://example.com/ilan/ILN-046,assets/penthouse-terrace-thumb.webp,active
ILN-047,Oran'de Sakin 2+1 Rezidans,Ankara,Çankaya,Oran,Rezidans,2+1,10952000,172,144,14,11,18,1,Doğalgaz kombi,Kuzey-Güney,True,True,True,False,True,2 araçlık kapalı otopark,Resepsiyon ve kamera,Vadi,Özel bahçe,Amerikan mutfak,Kat mülkiyetli,True,Boş,3650,Peyzajlı bahçe; sosyal tesis; basketbol sahası; bisiklet parkı,"Otobüs 180 m; park 250 m; AVM 1,4 km; eczane 300 m",Akıllı ev altyapısı; elektrikli panjur; yangın alarmı; jeneratör,"Oran merkezine yakın, iyi planlanmış 172 m² yaşam alanı. Çocuk parkını doğrudan gören güvenli aile yerleşimi; daireye ait kilitli depo alanı satış fiyatına dahil.",Çocuk parkını doğrudan gören güvenli aile yerleşimi; daireye ait kilitli depo alanı satış fiyatına dahil,https://example.com/ilan/ILN-047,assets/smart-studio-thumb.webp,active
ILN-048,İskele'de Prestijli 4+1 Müstakil Ev,İzmir,Urla,İskele,Müstakil Ev,4+1,14407000,252,215,15,10,19,2,Merkezi sistem,Güney-Batı,True,False,False,False,True,Kapalı + açık otopark,Akıllı diafon,Park,Teras,Yarı açık mutfak,Kat mülkiyetli,True,Boş,3925,Sauna; kapalı havuz; pilates salonu; dinlenme alanı,Sahil 700 m; kafe 150 m; spor tesisi 900 m; okul 500 m,Güneş paneli altyapısı; su deposu; merkezi uydu; çelik kapı,"İskele merkezine yakın, iyi planlanmış 252 m² yaşam alanı. Masrafsız, ankastreleri yenilenmiş ve hemen taşınmaya hazır; daireye ait kilitli depo alanı satış fiyatına dahil.","Masrafsız, ankastreleri yenilenmiş ve hemen taşınmaya hazır; daireye ait kilitli depo alanı satış fiyatına dahil",https://example.com/ilan/ILN-048,assets/villa-garden-thumb.webp,active
ILN-049,Kayaşehir'de Ferah 2+1 Çatı Katı,İstanbul,Başakşehir,Kayaşehir,Çatı Katı,2+1,7111000,121,94,0,1,4,1,Isı pompası,Doğu,True,True,False,True,False,Kapalı otopark,7/24 güvenlik ve kamera,Şehir,Fransız balkon,Kapalı mutfak,Kat mülkiyetli,True,Mülk sahibi oturuyor,900,Çocuk kulübü; hobi odası; toplantı salonu; misafir otoparkı,"Ana yol 350 m; üniversite 1,8 km; market 200 m; hastane 1,2 km",VRF klima; ankastre set; yerden ısıtma; yüksek hızlı internet,"Kayaşehir merkezine yakın, iyi planlanmış 121 m² yaşam alanı. Yüksek tavanı ve tavandan zemine camlarıyla ferah yaşam alanı; daireye ait kilitli depo alanı satış fiyatına dahil.",Yüksek tavanı ve tavandan zemine camlarıyla ferah yaşam alanı; daireye ait kilitli depo alanı satış fiyatına dahil,https://example.com/ilan/ILN-049,assets/family-complex-thumb.webp,active
ILN-050,Bahçeşehir'de Modern 4+1 Daire,İstanbul,Başakşehir,Bahçeşehir,Daire,4+1,9541000,176,140,1,5,5,2,Fan coil,Batı,True,True,True,False,True,Açık otopark,Güvenlikli giriş,Peyzaj,Kış bahçesi,Ada mutfak,Kat mülkiyetli,True,Boş,1175,Barbekü alanı; pergola; tenis kortu; evcil hayvan alanı,Marmaray 800 m; çocuk parkı 100 m; çarşı 550 m; eczane 220 m,Deprem yönetmeliğine uygun; sprinkler; duman dedektörü; hidrofor,"Bahçeşehir merkezine yakın, iyi planlanmış 176 m² yaşam alanı. Ayrı girişli misafir odası veya ev ofisi kullanımı; daireye ait kilitli depo alanı satış fiyatına dahil.",Ayrı girişli misafir odası veya ev ofisi kullanımı; daireye ait kilitli depo alanı satış fiyatına dahil,https://example.com/ilan/ILN-050,assets/city-apartment-thumb.webp,active
ILN-051,Adnan Kahveci'de Bahçeli 3+1 Bahçe Katı,İstanbul,Beylikdüzü,Adnan Kahveci,Bahçe Katı,3+1,9019000,159,129,2,Bahçe katı,6,2,Yerden ısıtma,Güney-Doğu,True,False,True,False,True,2 araçlık kapalı otopark,Resepsiyon ve kamera,Orman,Geniş balkon,Amerikan mutfak,Kat mülkiyetli,True,Boş,1450,Yüzme havuzu; spor salonu; çocuk parkı; yürüyüş parkuru,"Metro 450 m; market 120 m; okul 600 m; hastane 2,1 km",Isı ve ses yalıtımı; çift cam; fiber internet; görüntülü diafon,"Adnan Kahveci merkezine yakın, iyi planlanmış 159 m² yaşam alanı. Deniz manzarasının kapanmayacağı ön cephe konumu; daireye ait kilitli depo alanı satış fiyatına dahil.",Deniz manzarasının kapanmayacağı ön cephe konumu; daireye ait kilitli depo alanı satış fiyatına dahil,https://example.com/ilan/ILN-051,assets/garden-flat-thumb.webp,active
ILN-052,Fenerbahçe'de Manzaralı 7+2 Villa,İstanbul,Kadıköy,Fenerbahçe,Villa,7+2,18091000,376,310,3,3,7,4,Doğalgaz kombi,Kuzey-Güney,True,True,True,False,True,Kapalı + açık otopark,Akıllı diafon,Deniz,Özel bahçe,Yarı açık mutfak,Kat mülkiyetli,True,Mülk sahibi oturuyor,1725,Peyzajlı bahçe; sosyal tesis; basketbol sahası; bisiklet parkı,"Otobüs 180 m; park 250 m; AVM 1,4 km; eczane 300 m",Akıllı ev altyapısı; elektrikli panjur; yangın alarmı; jeneratör,"Fenerbahçe merkezine yakın, iyi planlanmış 376 m² yaşam alanı. Isı pompası ve güneş paneli altyapısıyla düşük enerji gideri; daireye ait kilitli depo alanı satış fiyatına dahil.",Isı pompası ve güneş paneli altyapısıyla düşük enerji gideri; daireye ait kilitli depo alanı satış fiyatına dahil,https://example.com/ilan/ILN-052,assets/villa-garden-thumb.webp,active
ILN-053,Çengelköy'de Aile Dostu 4+1 Dubleks,İstanbul,Üsküdar,Çengelköy,Dubleks,4+1,10927000,197,165,4,5,8,2,Merkezi sistem,Güney-Batı,True,True,False,False,True,Kapalı otopark,7/24 güvenlik ve kamera,Vadi,Teras,Kapalı mutfak,Kat mülkiyetli,True,Boş,2000,Sauna; kapalı havuz; pilates salonu; dinlenme alanı,Sahil 700 m; kafe 150 m; spor tesisi 900 m; okul 500 m,Güneş paneli altyapısı; su deposu; merkezi uydu; çelik kapı,"Çengelköy merkezine yakın, iyi planlanmış 197 m² yaşam alanı. Ada mutfak ve sekiz kişilik yemek alanıyla güçlü sosyal plan; daireye ait kilitli depo alanı satış fiyatına dahil.",Ada mutfak ve sekiz kişilik yemek alanıyla güçlü sosyal plan; daireye ait kilitli depo alanı satış fiyatına dahil,https://example.com/ilan/ILN-053,assets/penthouse-terrace-thumb.webp,active
ILN-054,Zekeriyaköy'de Yatırımlık 3+1 Rezidans,İstanbul,Sarıyer,Zekeriyaköy,Rezidans,3+1,10405000,180,154,5,9,9,2,Isı pompası,Doğu,True,True,False,False,True,Açık otopark,Güvenlikli giriş,Park,Fransız balkon,Ada mutfak,Kat mülkiyetli,True,Boş,2275,Çocuk kulübü; hobi odası; toplantı salonu; misafir otoparkı,"Ana yol 350 m; üniversite 1,8 km; market 200 m; hastane 1,2 km",VRF klima; ankastre set; yerden ısıtma; yüksek hızlı internet,"Zekeriyaköy merkezine yakın, iyi planlanmış 180 m² yaşam alanı. Site içindeki spor salonu ve yüzme havuzuna yakın blok; daireye ait kilitli depo alanı satış fiyatına dahil.",Site içindeki spor salonu ve yüzme havuzuna yakın blok; daireye ait kilitli depo alanı satış fiyatına dahil,https://example.com/ilan/ILN-054,assets/smart-studio-thumb.webp,active
ILN-055,Bomonti'de Sakin 5+2 Müstakil Ev,İstanbul,Şişli,Bomonti,Müstakil Ev,5+2,17509000,349,272,6,5,10,3,Fan coil,Batı,True,False,True,True,True,2 araçlık kapalı otopark,Resepsiyon ve kamera,Şehir,Kış bahçesi,Amerikan mutfak,Kat mülkiyetli,False,Mülk sahibi oturuyor,2550,Barbekü alanı; pergola; tenis kortu; evcil hayvan alanı,Marmaray 800 m; çocuk parkı 100 m; çarşı 550 m; eczane 220 m,Deprem yönetmeliğine uygun; sprinkler; duman dedektörü; hidrofor,"Bomonti merkezine yakın, iyi planlanmış 349 m² yaşam alanı. Evcil hayvanlar için çevrili özel bahçe ve yıkama alanı; daireye ait kilitli depo alanı satış fiyatına dahil.",Evcil hayvanlar için çevrili özel bahçe ve yıkama alanı; daireye ait kilitli depo alanı satış fiyatına dahil,https://example.com/ilan/ILN-055,assets/family-complex-thumb.webp,active
ILN-056,Ataköy'de Prestijli 3+1 Çatı Katı,İstanbul,Bakırköy,Ataköy,Çatı Katı,3+1,11329000,194,154,7,1,11,2,Yerden ısıtma,Güney-Doğu,True,False,True,False,True,Kapalı + açık otopark,Akıllı diafon,Peyzaj,Geniş balkon,Yarı açık mutfak,Kat mülkiyetli,True,Boş,2825,Yüzme havuzu; spor salonu; çocuk parkı; yürüyüş parkuru,"Metro 450 m; market 120 m; okul 600 m; hastane 2,1 km",Isı ve ses yalıtımı; çift cam; fiber internet; görüntülü diafon,"Ataköy merkezine yakın, iyi planlanmış 194 m² yaşam alanı. Kiler, çamaşır odası ve gömme dolaplarla yüksek depolama kapasitesi; daireye ait kilitli depo alanı satış fiyatına dahil.","Kiler, çamaşır odası ve gömme dolaplarla yüksek depolama kapasitesi; daireye ait kilitli depo alanı satış fiyatına dahil",https://example.com/ilan/ILN-056,assets/penthouse-terrace-thumb.webp,active
ILN-057,Yakacık'de Ferah 1+1 Daire,İstanbul,Kartal,Yakacık,Daire,1+1,7158000,88,71,8,9,12,1,Doğalgaz kombi,Kuzey-Güney,True,True,False,False,True,Kapalı otopark,7/24 güvenlik ve kamera,Orman,Özel bahçe,Kapalı mutfak,Kat mülkiyetli,True,Boş,3100,Peyzajlı bahçe; sosyal tesis; basketbol sahası; bisiklet parkı,"Otobüs 180 m; park 250 m; AVM 1,4 km; eczane 300 m",Akıllı ev altyapısı; elektrikli panjur; yangın alarmı; jeneratör,"Yakacık merkezine yakın, iyi planlanmış 88 m² yaşam alanı. İki aile kullanımına uygun bölünebilir dubleks plan; daireye ait kilitli depo alanı satış fiyatına dahil.",İki aile kullanımına uygun bölünebilir dubleks plan; daireye ait kilitli depo alanı satış fiyatına dahil,https://example.com/ilan/ILN-057,assets/city-apartment-thumb.webp,active
ILN-058,Altayçeşme'de Modern 4+1 Bahçe Katı,İstanbul,Maltepe,Altayçeşme,Bahçe Katı,4+1,10572000,167,138,9,Bahçe katı,13,2,Merkezi sistem,Güney-Batı,True,True,True,False,True,Açık otopark,Güvenlikli giriş,Deniz,Teras,Ada mutfak,Kat mülkiyetli,True,Mülk sahibi oturuyor,3375,Sauna; kapalı havuz; pilates salonu; dinlenme alanı,Sahil 700 m; kafe 150 m; spor tesisi 900 m; okul 500 m,Güneş paneli altyapısı; su deposu; merkezi uydu; çelik kapı,"Altayçeşme merkezine yakın, iyi planlanmış 167 m² yaşam alanı. Geniş terasında pergola ve açık hava mutfağı altyapısı; daireye ait kilitli depo alanı satış fiyatına dahil.",Geniş terasında pergola ve açık hava mutfağı altyapısı; daireye ait kilitli depo alanı satış fiyatına dahil,https://example.com/ilan/ILN-058,assets/garden-flat-thumb.webp,active
ILN-059,Oran'de Bahçeli 4+1 Villa,Ankara,Çankaya,Oran,Villa,4+1,14724000,264,222,10,3,14,2,Isı pompası,Doğu,True,True,True,False,True,2 araçlık kapalı otopark,Resepsiyon ve kamera,Vadi,Fransız balkon,Amerikan mutfak,Kat mülkiyetli,True,Boş,3650,Çocuk kulübü; hobi odası; toplantı salonu; misafir otoparkı,"Ana yol 350 m; üniversite 1,8 km; market 200 m; hastane 1,2 km",VRF klima; ankastre set; yerden ısıtma; yüksek hızlı internet,"Oran merkezine yakın, iyi planlanmış 264 m² yaşam alanı. Kuzey-güney çift cephe sayesinde doğal hava dolaşımı; daireye ait kilitli depo alanı satış fiyatına dahil.",Kuzey-güney çift cephe sayesinde doğal hava dolaşımı; daireye ait kilitli depo alanı satış fiyatına dahil,https://example.com/ilan/ILN-059,assets/villa-garden-thumb.webp,active
ILN-060,İskele'de Manzaralı 5+1 Dubleks,İzmir,Urla,İskele,Dubleks,5+1,12480000,205,175,11,15,15,3,Fan coil,Batı,True,True,False,False,True,Kapalı + açık otopark,Akıllı diafon,Park,Kış bahçesi,Yarı açık mutfak,Kat mülkiyetli,True,Boş,3925,Barbekü alanı; pergola; tenis kortu; evcil hayvan alanı,Marmaray 800 m; çocuk parkı 100 m; çarşı 550 m; eczane 220 m,Deprem yönetmeliğine uygun; sprinkler; duman dedektörü; hidrofor,"İskele merkezine yakın, iyi planlanmış 205 m² yaşam alanı. Okul ve günlük ihtiyaçlara araçsız ulaşılabilen merkezi konum; daireye ait kilitli depo alanı satış fiyatına dahil.",Okul ve günlük ihtiyaçlara araçsız ulaşılabilen merkezi konum; daireye ait kilitli depo alanı satış fiyatına dahil,https://example.com/ilan/ILN-060,assets/penthouse-terrace-thumb.webp,active
ILN-061,Kayaşehir'de Aile Dostu 1+0 Rezidans,İstanbul,Başakşehir,Kayaşehir,Rezidans,1+0,5922000,92,72,12,13,16,1,Yerden ısıtma,Güney-Doğu,False,False,False,True,True,Kapalı otopark,7/24 güvenlik ve kamera,Şehir,Geniş balkon,Kapalı mutfak,Kat mülkiyetli,True,Mülk sahibi oturuyor,900,Yüzme havuzu; spor salonu; çocuk parkı; yürüyüş parkuru,"Metro 450 m; market 120 m; okul 600 m; hastane 2,1 km",Isı ve ses yalıtımı; çift cam; fiber internet; görüntülü diafon,"Kayaşehir merkezine yakın, iyi planlanmış 92 m² yaşam alanı. Salondan çıkılan, gün boyu güneş alan geniş özel bahçe; aynı kattaki tek daire olması sayesinde yüksek mahremiyet sunuyor.","Salondan çıkılan, gün boyu güneş alan geniş özel bahçe; aynı kattaki tek daire olması sayesinde yüksek mahremiyet sunuyor",https://example.com/ilan/ILN-061,assets/family-complex-thumb.webp,active
ILN-062,Bahçeşehir'de Yatırımlık 2+1 Müstakil Ev,İstanbul,Başakşehir,Bahçeşehir,Müstakil Ev,2+1,12042000,237,188,13,11,17,1,Doğalgaz kombi,Kuzey-Güney,True,False,True,False,True,Açık otopark,Güvenlikli giriş,Peyzaj,Özel bahçe,Ada mutfak,Kat mülkiyetli,True,Boş,1175,Peyzajlı bahçe; sosyal tesis; basketbol sahası; bisiklet parkı,"Otobüs 180 m; park 250 m; AVM 1,4 km; eczane 300 m",Akıllı ev altyapısı; elektrikli panjur; yangın alarmı; jeneratör,"Bahçeşehir merkezine yakın, iyi planlanmış 237 m² yaşam alanı. Kesintisiz şehir manzaralı 28 m² köşe balkon; aynı kattaki tek daire olması sayesinde yüksek mahremiyet sunuyor.",Kesintisiz şehir manzaralı 28 m² köşe balkon; aynı kattaki tek daire olması sayesinde yüksek mahremiyet sunuyor,https://example.com/ilan/ILN-062,assets/villa-garden-thumb.webp,active
ILN-063,Adnan Kahveci'de Sakin 4+1 Çatı Katı,İstanbul,Beylikdüzü,Adnan Kahveci,Çatı Katı,4+1,10782000,202,164,14,9,18,2,Merkezi sistem,Güney-Batı,True,True,True,False,True,2 araçlık kapalı otopark,Resepsiyon ve kamera,Orman,Teras,Amerikan mutfak,Kat mülkiyetli,True,Boş,1450,Sauna; kapalı havuz; pilates salonu; dinlenme alanı,Sahil 700 m; kafe 150 m; spor tesisi 900 m; okul 500 m,Güneş paneli altyapısı; su deposu; merkezi uydu; çelik kapı,"Adnan Kahveci merkezine yakın, iyi planlanmış 202 m² yaşam alanı. Elektrikli araç şarj ünitesine hazır iki araçlık kapalı otopark; aynı kattaki tek daire olması sayesinde yüksek mahremiyet sunuyor.",Elektrikli araç şarj ünitesine hazır iki araçlık kapalı otopark; aynı kattaki tek daire olması sayesinde yüksek mahremiyet sunuyor,https://example.com/ilan/ILN-063,assets/penthouse-terrace-thumb.webp,active
ILN-064,Fenerbahçe'de Prestijli 2+1 Daire,İstanbul,Kadıköy,Fenerbahçe,Daire,2+1,9276000,161,133,15,7,19,1,Isı pompası,Doğu,True,True,True,False,True,Kapalı + açık otopark,Akıllı diafon,Deniz,Fransız balkon,Yarı açık mutfak,Kat mülkiyetli,False,Mülk sahibi oturuyor,1725,Çocuk kulübü; hobi odası; toplantı salonu; misafir otoparkı,"Ana yol 350 m; üniversite 1,8 km; market 200 m; hastane 1,2 km",VRF klima; ankastre set; yerden ısıtma; yüksek hızlı internet,"Fenerbahçe merkezine yakın, iyi planlanmış 161 m² yaşam alanı. Ebeveyn banyosu ve bağımsız giyinme odası; aynı kattaki tek daire olması sayesinde yüksek mahremiyet sunuyor.",Ebeveyn banyosu ve bağımsız giyinme odası; aynı kattaki tek daire olması sayesinde yüksek mahremiyet sunuyor,https://example.com/ilan/ILN-064,assets/city-apartment-thumb.webp,active
ILN-065,Çengelköy'de Ferah 2+1 Bahçe Katı,İstanbul,Üsküdar,Çengelköy,Bahçe Katı,2+1,9738000,168,141,0,Bahçe katı,4,1,Fan coil,Batı,True,True,False,False,False,Kapalı otopark,7/24 güvenlik ve kamera,Vadi,Kış bahçesi,Kapalı mutfak,Kat mülkiyetli,True,Boş,2000,Barbekü alanı; pergola; tenis kortu; evcil hayvan alanı,Marmaray 800 m; çocuk parkı 100 m; çarşı 550 m; eczane 220 m,Deprem yönetmeliğine uygun; sprinkler; duman dedektörü; hidrofor,"Çengelköy merkezine yakın, iyi planlanmış 168 m² yaşam alanı. Metro girişine yürüyerek yalnızca üç dakika; aynı kattaki tek daire olması sayesinde yüksek mahremiyet sunuyor.",Metro girişine yürüyerek yalnızca üç dakika; aynı kattaki tek daire olması sayesinde yüksek mahremiyet sunuyor,https://example.com/ilan/ILN-065,assets/garden-flat-thumb.webp,active
ILN-066,Zekeriyaköy'de Modern 5+1 Villa,İstanbul,Sarıyer,Zekeriyaköy,Villa,5+1,14177000,272,233,1,1,5,3,Yerden ısıtma,Güney-Doğu,True,False,False,False,True,Açık otopark,Güvenlikli giriş,Park,Geniş balkon,Ada mutfak,Kat mülkiyetli,True,Boş,2275,Yüzme havuzu; spor salonu; çocuk parkı; yürüyüş parkuru,"Metro 450 m; market 120 m; okul 600 m; hastane 2,1 km",Isı ve ses yalıtımı; çift cam; fiber internet; görüntülü diafon,"Zekeriyaköy merkezine yakın, iyi planlanmış 272 m² yaşam alanı. Sessiz avluya bakan ve çalışma alanına dönüşebilen kış bahçesi; aynı kattaki tek daire olması sayesinde yüksek mahremiyet sunuyor.",Sessiz avluya bakan ve çalışma alanına dönüşebilen kış bahçesi; aynı kattaki tek daire olması sayesinde yüksek mahremiyet sunuyor,https://example.com/ilan/ILN-066,assets/villa-garden-thumb.webp,active
ILN-067,Bomonti'de Bahçeli 3+1 Dubleks,İstanbul,Şişli,Bomonti,Dubleks,3+1,8981000,141,110,2,1,6,2,Doğalgaz kombi,Kuzey-Güney,True,True,True,True,True,2 araçlık kapalı otopark,Resepsiyon ve kamera,Şehir,Özel bahçe,Amerikan mutfak,Kat mülkiyetli,True,Mülk sahibi oturuyor,2550,Peyzajlı bahçe; sosyal tesis; basketbol sahası; bisiklet parkı,"Otobüs 180 m; park 250 m; AVM 1,4 km; eczane 300 m",Akıllı ev altyapısı; elektrikli panjur; yangın alarmı; jeneratör,"Bomonti merkezine yakın, iyi planlanmış 141 m² yaşam alanı. Çocuk parkını doğrudan gören güvenli aile yerleşimi; aynı kattaki tek daire olması sayesinde yüksek mahremiyet sunuyor.",Çocuk parkını doğrudan gören güvenli aile yerleşimi; aynı kattaki tek daire olması sayesinde yüksek mahremiyet sunuyor,https://example.com/ilan/ILN-067,assets/family-complex-thumb.webp,active
ILN-068,Ataköy'de Manzaralı 1+1 Rezidans,İstanbul,Bakırköy,Ataköy,Rezidans,1+1,7475000,100,80,3,5,7,1,Merkezi sistem,Güney-Batı,True,True,True,False,True,Kapalı + açık otopark,Akıllı diafon,Peyzaj,Teras,Yarı açık mutfak,Kat mülkiyetli,True,Boş,2825,Sauna; kapalı havuz; pilates salonu; dinlenme alanı,Sahil 700 m; kafe 150 m; spor tesisi 900 m; okul 500 m,Güneş paneli altyapısı; su deposu; merkezi uydu; çelik kapı,"Ataköy merkezine yakın, iyi planlanmış 100 m² yaşam alanı. Masrafsız, ankastreleri yenilenmiş ve hemen taşınmaya hazır; aynı kattaki tek daire olması sayesinde yüksek mahremiyet sunuyor.","Masrafsız, ankastreleri yenilenmiş ve hemen taşınmaya hazır; aynı kattaki tek daire olması sayesinde yüksek mahremiyet sunuyor",https://example.com/ilan/ILN-068,assets/smart-studio-thumb.webp,active
ILN-069,Yakacık'de Aile Dostu 3+1 Müstakil Ev,İstanbul,Kartal,Yakacık,Müstakil Ev,3+1,13595000,245,198,4,5,8,2,Isı pompası,Doğu,True,False,False,False,True,Kapalı otopark,7/24 güvenlik ve kamera,Orman,Fransız balkon,Kapalı mutfak,Kat mülkiyetli,True,Boş,3100,Çocuk kulübü; hobi odası; toplantı salonu; misafir otoparkı,"Ana yol 350 m; üniversite 1,8 km; market 200 m; hastane 1,2 km",VRF klima; ankastre set; yerden ısıtma; yüksek hızlı internet,"Yakacık merkezine yakın, iyi planlanmış 245 m² yaşam alanı. Yüksek tavanı ve tavandan zemine camlarıyla ferah yaşam alanı; aynı kattaki tek daire olması sayesinde yüksek mahremiyet sunuyor.",Yüksek tavanı ve tavandan zemine camlarıyla ferah yaşam alanı; aynı kattaki tek daire olması sayesinde yüksek mahremiyet sunuyor,https://example.com/ilan/ILN-069,assets/villa-garden-thumb.webp,active
ILN-070,Altayçeşme'de Yatırımlık 2+1 Çatı Katı,İstanbul,Maltepe,Altayçeşme,Çatı Katı,2+1,9383000,138,114,5,7,9,1,Fan coil,Batı,True,True,True,False,True,Açık otopark,Güvenlikli giriş,Deniz,Kış bahçesi,Ada mutfak,Kat mülkiyetli,True,Mülk sahibi oturuyor,3375,Barbekü alanı; pergola; tenis kortu; evcil hayvan alanı,Marmaray 800 m; çocuk parkı 100 m; çarşı 550 m; eczane 220 m,Deprem yönetmeliğine uygun; sprinkler; duman dedektörü; hidrofor,"Altayçeşme merkezine yakın, iyi planlanmış 138 m² yaşam alanı. Ayrı girişli misafir odası veya ev ofisi kullanımı; aynı kattaki tek daire olması sayesinde yüksek mahremiyet sunuyor.",Ayrı girişli misafir odası veya ev ofisi kullanımı; aynı kattaki tek daire olması sayesinde yüksek mahremiyet sunuyor,https://example.com/ilan/ILN-070,assets/penthouse-terrace-thumb.webp,active
ILN-071,Oran'de Sakin 3+1 Daire,Ankara,Çankaya,Oran,Daire,3+1,10829000,169,142,6,1,10,2,Yerden ısıtma,Güney-Doğu,True,False,True,False,True,2 araçlık kapalı otopark,Resepsiyon ve kamera,Vadi,Geniş balkon,Amerikan mutfak,Kat mülkiyetli,True,Boş,3650,Yüzme havuzu; spor salonu; çocuk parkı; yürüyüş parkuru,"Metro 450 m; market 120 m; okul 600 m; hastane 2,1 km",Isı ve ses yalıtımı; çift cam; fiber internet; görüntülü diafon,"Oran merkezine yakın, iyi planlanmış 169 m² yaşam alanı. Deniz manzarasının kapanmayacağı ön cephe konumu; aynı kattaki tek daire olması sayesinde yüksek mahremiyet sunuyor.",Deniz manzarasının kapanmayacağı ön cephe konumu; aynı kattaki tek daire olması sayesinde yüksek mahremiyet sunuyor,https://example.com/ilan/ILN-071,assets/city-apartment-thumb.webp,active
ILN-072,İskele'de Prestijli 3+1 Bahçe Katı,İzmir,Urla,İskele,Bahçe Katı,3+1,11291000,176,150,7,Bahçe katı,11,2,Doğalgaz kombi,Kuzey-Güney,True,True,False,False,True,Kapalı + açık otopark,Akıllı diafon,Park,Özel bahçe,Yarı açık mutfak,Kat mülkiyetli,True,Boş,3925,Peyzajlı bahçe; sosyal tesis; basketbol sahası; bisiklet parkı,"Otobüs 180 m; park 250 m; AVM 1,4 km; eczane 300 m",Akıllı ev altyapısı; elektrikli panjur; yangın alarmı; jeneratör,"İskele merkezine yakın, iyi planlanmış 176 m² yaşam alanı. Isı pompası ve güneş paneli altyapısıyla düşük enerji gideri; aynı kattaki tek daire olması sayesinde yüksek mahremiyet sunuyor.",Isı pompası ve güneş paneli altyapısıyla düşük enerji gideri; aynı kattaki tek daire olması sayesinde yüksek mahremiyet sunuyor,https://example.com/ilan/ILN-072,assets/garden-flat-thumb.webp,active
ILN-073,Kayaşehir'de Ferah 6+2 Villa,İstanbul,Başakşehir,Kayaşehir,Villa,6+2,17279000,369,288,8,1,12,4,Merkezi sistem,Güney-Batı,True,True,False,True,True,Kapalı otopark,7/24 güvenlik ve kamera,Şehir,Teras,Kapalı mutfak,Kat mülkiyetli,False,Mülk sahibi oturuyor,900,Sauna; kapalı havuz; pilates salonu; dinlenme alanı,Sahil 700 m; kafe 150 m; spor tesisi 900 m; okul 500 m,Güneş paneli altyapısı; su deposu; merkezi uydu; çelik kapı,"Kayaşehir merkezine yakın, iyi planlanmış 369 m² yaşam alanı. Ada mutfak ve sekiz kişilik yemek alanıyla güçlü sosyal plan; aynı kattaki tek daire olması sayesinde yüksek mahremiyet sunuyor.",Ada mutfak ve sekiz kişilik yemek alanıyla güçlü sosyal plan; aynı kattaki tek daire olması sayesinde yüksek mahremiyet sunuyor,https://example.com/ilan/ILN-073,assets/family-complex-thumb.webp,active
ILN-074,Bahçeşehir'de Modern 4+1 Dubleks,İstanbul,Başakşehir,Bahçeşehir,Dubleks,4+1,11099000,214,170,9,9,13,2,Isı pompası,Doğu,True,True,True,False,True,Açık otopark,Güvenlikli giriş,Peyzaj,Fransız balkon,Ada mutfak,Kat mülkiyetli,True,Boş,1175,Çocuk kulübü; hobi odası; toplantı salonu; misafir otoparkı,"Ana yol 350 m; üniversite 1,8 km; market 200 m; hastane 1,2 km",VRF klima; ankastre set; yerden ısıtma; yüksek hızlı internet,"Bahçeşehir merkezine yakın, iyi planlanmış 214 m² yaşam alanı. Site içindeki spor salonu ve yüzme havuzuna yakın blok; aynı kattaki tek daire olması sayesinde yüksek mahremiyet sunuyor.",Site içindeki spor salonu ve yüzme havuzuna yakın blok; aynı kattaki tek daire olması sayesinde yüksek mahremiyet sunuyor,https://example.com/ilan/ILN-074,assets/penthouse-terrace-thumb.webp,active
ILN-075,Adnan Kahveci'de Bahçeli 2+1 Rezidans,İstanbul,Beylikdüzü,Adnan Kahveci,Rezidans,2+1,9593000,173,140,10,5,14,1,Fan coil,Batı,True,True,True,False,True,2 araçlık kapalı otopark,Resepsiyon ve kamera,Orman,Kış bahçesi,Amerikan mutfak,Kat mülkiyetli,True,Boş,1450,Barbekü alanı; pergola; tenis kortu; evcil hayvan alanı,Marmaray 800 m; çocuk parkı 100 m; çarşı 550 m; eczane 220 m,Deprem yönetmeliğine uygun; sprinkler; duman dedektörü; hidrofor,"Adnan Kahveci merkezine yakın, iyi planlanmış 173 m² yaşam alanı. Evcil hayvanlar için çevrili özel bahçe ve yıkama alanı; aynı kattaki tek daire olması sayesinde yüksek mahremiyet sunuyor.",Evcil hayvanlar için çevrili özel bahçe ve yıkama alanı; aynı kattaki tek daire olması sayesinde yüksek mahremiyet sunuyor,https://example.com/ilan/ILN-075,assets/smart-studio-thumb.webp,active
ILN-076,Fenerbahçe'de Manzaralı 4+1 Müstakil Ev,İstanbul,Kadıköy,Fenerbahçe,Müstakil Ev,4+1,13048000,253,209,11,1,15,2,Yerden ısıtma,Güney-Doğu,True,False,True,False,True,Kapalı + açık otopark,Akıllı diafon,Deniz,Geniş balkon,Yarı açık mutfak,Kat mülkiyetli,True,Mülk sahibi oturuyor,1725,Yüzme havuzu; spor salonu; çocuk parkı; yürüyüş parkuru,"Metro 450 m; market 120 m; okul 600 m; hastane 2,1 km",Isı ve ses yalıtımı; çift cam; fiber internet; görüntülü diafon,"Fenerbahçe merkezine yakın, iyi planlanmış 253 m² yaşam alanı. Kiler, çamaşır odası ve gömme dolaplarla yüksek depolama kapasitesi; aynı kattaki tek daire olması sayesinde yüksek mahremiyet sunuyor.","Kiler, çamaşır odası ve gömme dolaplarla yüksek depolama kapasitesi; aynı kattaki tek daire olması sayesinde yüksek mahremiyet sunuyor",https://example.com/ilan/ILN-076,assets/villa-garden-thumb.webp,active
ILN-077,Çengelköy'de Aile Dostu 3+1 Çatı Katı,İstanbul,Üsküdar,Çengelköy,Çatı Katı,3+1,8836000,146,123,12,13,16,2,Doğalgaz kombi,Kuzey-Güney,True,True,False,False,True,Kapalı otopark,7/24 güvenlik ve kamera,Vadi,Özel bahçe,Kapalı mutfak,Kat mülkiyetli,True,Boş,2000,Peyzajlı bahçe; sosyal tesis; basketbol sahası; bisiklet parkı,"Otobüs 180 m; park 250 m; AVM 1,4 km; eczane 300 m",Akıllı ev altyapısı; elektrikli panjur; yangın alarmı; jeneratör,"Çengelköy merkezine yakın, iyi planlanmış 146 m² yaşam alanı. İki aile kullanımına uygun bölünebilir dubleks plan; aynı kattaki tek daire olması sayesinde yüksek mahremiyet sunuyor.",İki aile kullanımına uygun bölünebilir dubleks plan; aynı kattaki tek daire olması sayesinde yüksek mahremiyet sunuyor,https://example.com/ilan/ILN-077,assets/penthouse-terrace-thumb.webp,active
ILN-078,Zekeriyaköy'de Yatırımlık 4+1 Daire,İstanbul,Sarıyer,Zekeriyaköy,Daire,4+1,10282000,177,151,13,10,17,2,Merkezi sistem,Güney-Batı,True,True,False,False,True,Açık otopark,Güvenlikli giriş,Park,Teras,Ada mutfak,Kat mülkiyetli,True,Boş,2275,Sauna; kapalı havuz; pilates salonu; dinlenme alanı,Sahil 700 m; kafe 150 m; spor tesisi 900 m; okul 500 m,Güneş paneli altyapısı; su deposu; merkezi uydu; çelik kapı,"Zekeriyaköy merkezine yakın, iyi planlanmış 177 m² yaşam alanı. Geniş terasında pergola ve açık hava mutfağı altyapısı; aynı kattaki tek daire olması sayesinde yüksek mahremiyet sunuyor.",Geniş terasında pergola ve açık hava mutfağı altyapısı; aynı kattaki tek daire olması sayesinde yüksek mahremiyet sunuyor,https://example.com/ilan/ILN-078,assets/city-apartment-thumb.webp,active
ILN-079,Bomonti'de Sakin 4+1 Bahçe Katı,İstanbul,Şişli,Bomonti,Bahçe Katı,4+1,10744000,184,144,14,Bahçe katı,18,2,Isı pompası,Doğu,True,True,True,True,True,2 araçlık kapalı otopark,Resepsiyon ve kamera,Şehir,Fransız balkon,Amerikan mutfak,Kat mülkiyetli,True,Mülk sahibi oturuyor,2550,Çocuk kulübü; hobi odası; toplantı salonu; misafir otoparkı,"Ana yol 350 m; üniversite 1,8 km; market 200 m; hastane 1,2 km",VRF klima; ankastre set; yerden ısıtma; yüksek hızlı internet,"Bomonti merkezine yakın, iyi planlanmış 184 m² yaşam alanı. Kuzey-güney çift cephe sayesinde doğal hava dolaşımı; aynı kattaki tek daire olması sayesinde yüksek mahremiyet sunuyor.",Kuzey-güney çift cephe sayesinde doğal hava dolaşımı; aynı kattaki tek daire olması sayesinde yüksek mahremiyet sunuyor,https://example.com/ilan/ILN-079,assets/family-complex-thumb.webp,active
ILN-080,Ataköy'de Prestijli 7+2 Villa,İstanbul,Bakırköy,Ataköy,Villa,7+2,18832000,377,300,15,4,19,4,Fan coil,Batı,True,True,True,False,True,Kapalı + açık otopark,Akıllı diafon,Peyzaj,Kış bahçesi,Yarı açık mutfak,Kat mülkiyetli,True,Boş,2825,Barbekü alanı; pergola; tenis kortu; evcil hayvan alanı,Marmaray 800 m; çocuk parkı 100 m; çarşı 550 m; eczane 220 m,Deprem yönetmeliğine uygun; sprinkler; duman dedektörü; hidrofor,"Ataköy merkezine yakın, iyi planlanmış 377 m² yaşam alanı. Okul ve günlük ihtiyaçlara araçsız ulaşılabilen merkezi konum; aynı kattaki tek daire olması sayesinde yüksek mahremiyet sunuyor.",Okul ve günlük ihtiyaçlara araçsız ulaşılabilen merkezi konum; aynı kattaki tek daire olması sayesinde yüksek mahremiyet sunuyor,https://example.com/ilan/ILN-080,assets/villa-garden-thumb.webp,active
ILN-081,Yakacık'de Ferah 5+1 Dubleks,İstanbul,Kartal,Yakacık,Dubleks,5+1,12652000,222,180,0,1,4,3,Yerden ısıtma,Güney-Doğu,True,False,False,False,False,Kapalı otopark,7/24 güvenlik ve kamera,Orman,Geniş balkon,Kapalı mutfak,Kat mülkiyetli,True,Boş,3100,Yüzme havuzu; spor salonu; çocuk parkı; yürüyüş parkuru,"Metro 450 m; market 120 m; okul 600 m; hastane 2,1 km",Isı ve ses yalıtımı; çift cam; fiber internet; görüntülü diafon,"Yakacık merkezine yakın, iyi planlanmış 222 m² yaşam alanı. Salondan çıkılan, gün boyu güneş alan geniş özel bahçe; engelsiz giriş ve geniş asansörle her yaş için rahat kullanım sağlıyor.","Salondan çıkılan, gün boyu güneş alan geniş özel bahçe; engelsiz giriş ve geniş asansörle her yaş için rahat kullanım sağlıyor",https://example.com/ilan/ILN-081,assets/penthouse-terrace-thumb.webp,active
ILN-082,Altayçeşme'de Modern 3+1 Rezidans,İstanbul,Maltepe,Altayçeşme,Rezidans,3+1,11146000,181,149,1,2,5,2,Doğalgaz kombi,Kuzey-Güney,False,True,True,False,True,Açık otopark,Güvenlikli giriş,Deniz,Özel bahçe,Ada mutfak,Kat mülkiyetli,False,Mülk sahibi oturuyor,3375,Peyzajlı bahçe; sosyal tesis; basketbol sahası; bisiklet parkı,"Otobüs 180 m; park 250 m; AVM 1,4 km; eczane 300 m",Akıllı ev altyapısı; elektrikli panjur; yangın alarmı; jeneratör,"Altayçeşme merkezine yakın, iyi planlanmış 181 m² yaşam alanı. Kesintisiz şehir manzaralı 28 m² köşe balkon; engelsiz giriş ve geniş asansörle her yaş için rahat kullanım sağlıyor.",Kesintisiz şehir manzaralı 28 m² köşe balkon; engelsiz giriş ve geniş asansörle her yaş için rahat kullanım sağlıyor,https://example.com/ilan/ILN-082,assets/smart-studio-thumb.webp,active
ILN-083,Oran'de Bahçeli 5+2 Müstakil Ev,Ankara,Çankaya,Oran,Müstakil Ev,5+2,18250000,350,294,2,5,6,3,Merkezi sistem,Güney-Batı,True,False,True,False,True,2 araçlık kapalı otopark,Resepsiyon ve kamera,Vadi,Teras,Amerikan mutfak,Kat mülkiyetli,True,Boş,3650,Sauna; kapalı havuz; pilates salonu; dinlenme alanı,Sahil 700 m; kafe 150 m; spor tesisi 900 m; okul 500 m,Güneş paneli altyapısı; su deposu; merkezi uydu; çelik kapı,"Oran merkezine yakın, iyi planlanmış 350 m² yaşam alanı. Elektrikli araç şarj ünitesine hazır iki araçlık kapalı otopark; engelsiz giriş ve geniş asansörle her yaş için rahat kullanım sağlıyor.",Elektrikli araç şarj ünitesine hazır iki araçlık kapalı otopark; engelsiz giriş ve geniş asansörle her yaş için rahat kullanım sağlıyor,https://example.com/ilan/ILN-083,assets/villa-garden-thumb.webp,active
ILN-084,İskele'de Manzaralı 4+1 Çatı Katı,İzmir,Urla,İskele,Çatı Katı,4+1,13054000,219,187,3,7,7,2,Isı pompası,Doğu,True,True,False,False,True,Kapalı + açık otopark,Akıllı diafon,Park,Fransız balkon,Yarı açık mutfak,Kat mülkiyetli,True,Boş,3925,Çocuk kulübü; hobi odası; toplantı salonu; misafir otoparkı,"Ana yol 350 m; üniversite 1,8 km; market 200 m; hastane 1,2 km",VRF klima; ankastre set; yerden ısıtma; yüksek hızlı internet,"İskele merkezine yakın, iyi planlanmış 219 m² yaşam alanı. Ebeveyn banyosu ve bağımsız giyinme odası; engelsiz giriş ve geniş asansörle her yaş için rahat kullanım sağlıyor.",Ebeveyn banyosu ve bağımsız giyinme odası; engelsiz giriş ve geniş asansörle her yaş için rahat kullanım sağlıyor,https://example.com/ilan/ILN-084,assets/penthouse-terrace-thumb.webp,active
ILN-085,Kayaşehir'de Aile Dostu 1+1 Daire,İstanbul,Başakşehir,Kayaşehir,Daire,1+1,5799000,89,69,4,5,8,1,Fan coil,Batı,True,True,False,True,True,Kapalı otopark,7/24 güvenlik ve kamera,Şehir,Kış bahçesi,Kapalı mutfak,Kat mülkiyetli,True,Mülk sahibi oturuyor,900,Barbekü alanı; pergola; tenis kortu; evcil hayvan alanı,Marmaray 800 m; çocuk parkı 100 m; çarşı 550 m; eczane 220 m,Deprem yönetmeliğine uygun; sprinkler; duman dedektörü; hidrofor,"Kayaşehir merkezine yakın, iyi planlanmış 89 m² yaşam alanı. Metro girişine yürüyerek yalnızca üç dakika; engelsiz giriş ve geniş asansörle her yaş için rahat kullanım sağlıyor.",Metro girişine yürüyerek yalnızca üç dakika; engelsiz giriş ve geniş asansörle her yaş için rahat kullanım sağlıyor,https://example.com/ilan/ILN-085,assets/family-complex-thumb.webp,active
ILN-086,Bahçeşehir'de Yatırımlık 2+1 Bahçe Katı,İstanbul,Başakşehir,Bahçeşehir,Bahçe Katı,2+1,7245000,120,95,5,Bahçe katı,9,1,Yerden ısıtma,Güney-Doğu,True,False,True,False,True,Açık otopark,Güvenlikli giriş,Peyzaj,Geniş balkon,Ada mutfak,Kat mülkiyetli,True,Boş,1175,Yüzme havuzu; spor salonu; çocuk parkı; yürüyüş parkuru,"Metro 450 m; market 120 m; okul 600 m; hastane 2,1 km",Isı ve ses yalıtımı; çift cam; fiber internet; görüntülü diafon,"Bahçeşehir merkezine yakın, iyi planlanmış 120 m² yaşam alanı. Sessiz avluya bakan ve çalışma alanına dönüşebilen kış bahçesi; engelsiz giriş ve geniş asansörle her yaş için rahat kullanım sağlıyor.",Sessiz avluya bakan ve çalışma alanına dönüşebilen kış bahçesi; engelsiz giriş ve geniş asansörle her yaş için rahat kullanım sağlıyor,https://example.com/ilan/ILN-086,assets/garden-flat-thumb.webp,active
ILN-087,Adnan Kahveci'de Sakin 4+1 Villa,İstanbul,Beylikdüzü,Adnan Kahveci,Villa,4+1,13365000,265,215,6,7,10,2,Doğalgaz kombi,Kuzey-Güney,True,True,True,False,True,2 araçlık kapalı otopark,Resepsiyon ve kamera,Orman,Özel bahçe,Amerikan mutfak,Kat mülkiyetli,True,Boş,1450,Peyzajlı bahçe; sosyal tesis; basketbol sahası; bisiklet parkı,"Otobüs 180 m; park 250 m; AVM 1,4 km; eczane 300 m",Akıllı ev altyapısı; elektrikli panjur; yangın alarmı; jeneratör,"Adnan Kahveci merkezine yakın, iyi planlanmış 265 m² yaşam alanı. Çocuk parkını doğrudan gören güvenli aile yerleşimi; engelsiz giriş ve geniş asansörle her yaş için rahat kullanım sağlıyor.",Çocuk parkını doğrudan gören güvenli aile yerleşimi; engelsiz giriş ve geniş asansörle her yaş için rahat kullanım sağlıyor,https://example.com/ilan/ILN-087,assets/villa-garden-thumb.webp,active
ILN-088,Fenerbahçe'de Prestijli 3+1 Dubleks,İstanbul,Kadıköy,Fenerbahçe,Dubleks,3+1,9153000,158,130,7,11,11,2,Merkezi sistem,Güney-Batı,True,True,True,False,True,Kapalı + açık otopark,Akıllı diafon,Deniz,Teras,Yarı açık mutfak,Kat mülkiyetli,True,Mülk sahibi oturuyor,1725,Sauna; kapalı havuz; pilates salonu; dinlenme alanı,Sahil 700 m; kafe 150 m; spor tesisi 900 m; okul 500 m,Güneş paneli altyapısı; su deposu; merkezi uydu; çelik kapı,"Fenerbahçe merkezine yakın, iyi planlanmış 158 m² yaşam alanı. Masrafsız, ankastreleri yenilenmiş ve hemen taşınmaya hazır; engelsiz giriş ve geniş asansörle her yaş için rahat kullanım sağlıyor.","Masrafsız, ankastreleri yenilenmiş ve hemen taşınmaya hazır; engelsiz giriş ve geniş asansörle her yaş için rahat kullanım sağlıyor",https://example.com/ilan/ILN-088,assets/penthouse-terrace-thumb.webp,active
ILN-089,Çengelköy'de Ferah 1+0 Rezidans,İstanbul,Üsküdar,Çengelköy,Rezidans,1+0,6663000,93,78,8,5,12,1,Isı pompası,Doğu,True,True,False,False,True,Kapalı otopark,7/24 güvenlik ve kamera,Vadi,Fransız balkon,Kapalı mutfak,Kat mülkiyetli,True,Boş,2000,Çocuk kulübü; hobi odası; toplantı salonu; misafir otoparkı,"Ana yol 350 m; üniversite 1,8 km; market 200 m; hastane 1,2 km",VRF klima; ankastre set; yerden ısıtma; yüksek hızlı internet,"Çengelköy merkezine yakın, iyi planlanmış 93 m² yaşam alanı. Yüksek tavanı ve tavandan zemine camlarıyla ferah yaşam alanı; engelsiz giriş ve geniş asansörle her yaş için rahat kullanım sağlıyor.",Yüksek tavanı ve tavandan zemine camlarıyla ferah yaşam alanı; engelsiz giriş ve geniş asansörle her yaş için rahat kullanım sağlıyor,https://example.com/ilan/ILN-089,assets/smart-studio-thumb.webp,active
ILN-090,Zekeriyaköy'de Modern 2+1 Müstakil Ev,İstanbul,Sarıyer,Zekeriyaköy,Müstakil Ev,2+1,12783000,238,203,9,12,13,1,Fan coil,Batı,True,False,False,False,True,Açık otopark,Güvenlikli giriş,Park,Kış bahçesi,Ada mutfak,Kat mülkiyetli,True,Boş,2275,Barbekü alanı; pergola; tenis kortu; evcil hayvan alanı,Marmaray 800 m; çocuk parkı 100 m; çarşı 550 m; eczane 220 m,Deprem yönetmeliğine uygun; sprinkler; duman dedektörü; hidrofor,"Zekeriyaköy merkezine yakın, iyi planlanmış 238 m² yaşam alanı. Ayrı girişli misafir odası veya ev ofisi kullanımı; engelsiz giriş ve geniş asansörle her yaş için rahat kullanım sağlıyor.",Ayrı girişli misafir odası veya ev ofisi kullanımı; engelsiz giriş ve geniş asansörle her yaş için rahat kullanım sağlıyor,https://example.com/ilan/ILN-090,assets/villa-garden-thumb.webp,active
ILN-091,Bomonti'de Bahçeli 2+1 Çatı Katı,İstanbul,Şişli,Bomonti,Çatı Katı,2+1,9555000,155,121,10,7,14,1,Yerden ısıtma,Güney-Doğu,True,False,True,True,True,2 araçlık kapalı otopark,Resepsiyon ve kamera,Şehir,Geniş balkon,Amerikan mutfak,Kat mülkiyetli,False,Mülk sahibi oturuyor,2550,Yüzme havuzu; spor salonu; çocuk parkı; yürüyüş parkuru,"Metro 450 m; market 120 m; okul 600 m; hastane 2,1 km",Isı ve ses yalıtımı; çift cam; fiber internet; görüntülü diafon,"Bomonti merkezine yakın, iyi planlanmış 155 m² yaşam alanı. Deniz manzarasının kapanmayacağı ön cephe konumu; engelsiz giriş ve geniş asansörle her yaş için rahat kullanım sağlıyor.",Deniz manzarasının kapanmayacağı ön cephe konumu; engelsiz giriş ve geniş asansörle her yaş için rahat kullanım sağlıyor,https://example.com/ilan/ILN-091,assets/family-complex-thumb.webp,active
ILN-092,Ataköy'de Manzaralı 2+1 Daire,İstanbul,Bakırköy,Ataköy,Daire,2+1,10017000,162,129,11,2,15,1,Doğalgaz kombi,Kuzey-Güney,True,True,True,False,True,Kapalı + açık otopark,Akıllı diafon,Peyzaj,Özel bahçe,Yarı açık mutfak,Kat mülkiyetli,True,Boş,2825,Peyzajlı bahçe; sosyal tesis; basketbol sahası; bisiklet parkı,"Otobüs 180 m; park 250 m; AVM 1,4 km; eczane 300 m",Akıllı ev altyapısı; elektrikli panjur; yangın alarmı; jeneratör,"Ataköy merkezine yakın, iyi planlanmış 162 m² yaşam alanı. Isı pompası ve güneş paneli altyapısıyla düşük enerji gideri; engelsiz giriş ve geniş asansörle her yaş için rahat kullanım sağlıyor.",Isı pompası ve güneş paneli altyapısıyla düşük enerji gideri; engelsiz giriş ve geniş asansörle her yaş için rahat kullanım sağlıyor,https://example.com/ilan/ILN-092,assets/city-apartment-thumb.webp,active
ILN-093,Yakacık'de Aile Dostu 3+1 Bahçe Katı,İstanbul,Kartal,Yakacık,Bahçe Katı,3+1,11463000,193,156,12,Bahçe katı,16,2,Merkezi sistem,Güney-Batı,True,True,False,False,True,Kapalı otopark,7/24 güvenlik ve kamera,Orman,Teras,Kapalı mutfak,Kat mülkiyetli,True,Boş,3100,Sauna; kapalı havuz; pilates salonu; dinlenme alanı,Sahil 700 m; kafe 150 m; spor tesisi 900 m; okul 500 m,Güneş paneli altyapısı; su deposu; merkezi uydu; çelik kapı,"Yakacık merkezine yakın, iyi planlanmış 193 m² yaşam alanı. Ada mutfak ve sekiz kişilik yemek alanıyla güçlü sosyal plan; engelsiz giriş ve geniş asansörle her yaş için rahat kullanım sağlıyor.",Ada mutfak ve sekiz kişilik yemek alanıyla güçlü sosyal plan; engelsiz giriş ve geniş asansörle her yaş için rahat kullanım sağlıyor,https://example.com/ilan/ILN-093,assets/garden-flat-thumb.webp,active
ILN-094,Altayçeşme'de Yatırımlık 5+1 Villa,İstanbul,Maltepe,Altayçeşme,Villa,5+1,14918000,273,225,13,9,17,3,Isı pompası,Doğu,True,True,True,False,True,Açık otopark,Güvenlikli giriş,Deniz,Fransız balkon,Ada mutfak,Kat mülkiyetli,True,Mülk sahibi oturuyor,3375,Çocuk kulübü; hobi odası; toplantı salonu; misafir otoparkı,"Ana yol 350 m; üniversite 1,8 km; market 200 m; hastane 1,2 km",VRF klima; ankastre set; yerden ısıtma; yüksek hızlı internet,"Altayçeşme merkezine yakın, iyi planlanmış 273 m² yaşam alanı. Site içindeki spor salonu ve yüzme havuzuna yakın blok; engelsiz giriş ve geniş asansörle her yaş için rahat kullanım sağlıyor.",Site içindeki spor salonu ve yüzme havuzuna yakın blok; engelsiz giriş ve geniş asansörle her yaş için rahat kullanım sağlıyor,https://example.com/ilan/ILN-094,assets/villa-garden-thumb.webp,active
ILN-095,Oran'de Sakin 4+1 Dubleks,Ankara,Çankaya,Oran,Dubleks,4+1,10706000,166,139,14,5,18,2,Fan coil,Batı,True,True,True,False,True,2 araçlık kapalı otopark,Resepsiyon ve kamera,Vadi,Kış bahçesi,Amerikan mutfak,Kat mülkiyetli,True,Boş,3650,Barbekü alanı; pergola; tenis kortu; evcil hayvan alanı,Marmaray 800 m; çocuk parkı 100 m; çarşı 550 m; eczane 220 m,Deprem yönetmeliğine uygun; sprinkler; duman dedektörü; hidrofor,"Oran merkezine yakın, iyi planlanmış 166 m² yaşam alanı. Evcil hayvanlar için çevrili özel bahçe ve yıkama alanı; engelsiz giriş ve geniş asansörle her yaş için rahat kullanım sağlıyor.",Evcil hayvanlar için çevrili özel bahçe ve yıkama alanı; engelsiz giriş ve geniş asansörle her yaş için rahat kullanım sağlıyor,https://example.com/ilan/ILN-095,assets/penthouse-terrace-thumb.webp,active
ILN-096,İskele'de Prestijli 1+1 Rezidans,İzmir,Urla,İskele,Rezidans,1+1,8216000,101,86,15,1,19,1,Yerden ısıtma,Güney-Doğu,True,False,False,False,True,Kapalı + açık otopark,Akıllı diafon,Park,Geniş balkon,Yarı açık mutfak,Kat mülkiyetli,True,Boş,3925,Yüzme havuzu; spor salonu; çocuk parkı; yürüyüş parkuru,"Metro 450 m; market 120 m; okul 600 m; hastane 2,1 km",Isı ve ses yalıtımı; çift cam; fiber internet; görüntülü diafon,"İskele merkezine yakın, iyi planlanmış 101 m² yaşam alanı. Kiler, çamaşır odası ve gömme dolaplarla yüksek depolama kapasitesi; engelsiz giriş ve geniş asansörle her yaş için rahat kullanım sağlıyor.","Kiler, çamaşır odası ve gömme dolaplarla yüksek depolama kapasitesi; engelsiz giriş ve geniş asansörle her yaş için rahat kullanım sağlıyor",https://example.com/ilan/ILN-096,assets/smart-studio-thumb.webp,active
ILN-097,Kayaşehir'de Ferah 3+1 Müstakil Ev,İstanbul,Başakşehir,Kayaşehir,Müstakil Ev,3+1,12236000,246,192,0,1,4,2,Doğalgaz kombi,Kuzey-Güney,True,False,False,True,False,Kapalı otopark,7/24 güvenlik ve kamera,Şehir,Özel bahçe,Kapalı mutfak,Kat mülkiyetli,True,Mülk sahibi oturuyor,900,Peyzajlı bahçe; sosyal tesis; basketbol sahası; bisiklet parkı,"Otobüs 180 m; park 250 m; AVM 1,4 km; eczane 300 m",Akıllı ev altyapısı; elektrikli panjur; yangın alarmı; jeneratör,"Kayaşehir merkezine yakın, iyi planlanmış 246 m² yaşam alanı. İki aile kullanımına uygun bölünebilir dubleks plan; engelsiz giriş ve geniş asansörle her yaş için rahat kullanım sağlıyor.",İki aile kullanımına uygun bölünebilir dubleks plan; engelsiz giriş ve geniş asansörle her yaş için rahat kullanım sağlıyor,https://example.com/ilan/ILN-097,assets/family-complex-thumb.webp,active
ILN-098,Bahçeşehir'de Modern 3+1 Çatı Katı,İstanbul,Başakşehir,Bahçeşehir,Çatı Katı,3+1,9008000,163,130,1,3,5,2,Merkezi sistem,Güney-Batı,True,True,True,False,True,Açık otopark,Güvenlikli giriş,Peyzaj,Teras,Ada mutfak,Kat mülkiyetli,True,Boş,1175,Sauna; kapalı havuz; pilates salonu; dinlenme alanı,Sahil 700 m; kafe 150 m; spor tesisi 900 m; okul 500 m,Güneş paneli altyapısı; su deposu; merkezi uydu; çelik kapı,"Bahçeşehir merkezine yakın, iyi planlanmış 163 m² yaşam alanı. Geniş terasında pergola ve açık hava mutfağı altyapısı; engelsiz giriş ve geniş asansörle her yaş için rahat kullanım sağlıyor.",Geniş terasında pergola ve açık hava mutfağı altyapısı; engelsiz giriş ve geniş asansörle her yaş için rahat kullanım sağlıyor,https://example.com/ilan/ILN-098,assets/penthouse-terrace-thumb.webp,active
ILN-099,Adnan Kahveci'de Bahçeli 3+1 Daire,İstanbul,Beylikdüzü,Adnan Kahveci,Daire,3+1,9470000,170,138,2,3,6,2,Isı pompası,Doğu,True,True,True,False,True,2 araçlık kapalı otopark,Resepsiyon ve kamera,Orman,Fransız balkon,Amerikan mutfak,Kat mülkiyetli,True,Boş,1450,Çocuk kulübü; hobi odası; toplantı salonu; misafir otoparkı,"Ana yol 350 m; üniversite 1,8 km; market 200 m; hastane 1,2 km",VRF klima; ankastre set; yerden ısıtma; yüksek hızlı internet,"Adnan Kahveci merkezine yakın, iyi planlanmış 170 m² yaşam alanı. Kuzey-güney çift cephe sayesinde doğal hava dolaşımı; engelsiz giriş ve geniş asansörle her yaş için rahat kullanım sağlıyor.",Kuzey-güney çift cephe sayesinde doğal hava dolaşımı; engelsiz giriş ve geniş asansörle her yaş için rahat kullanım sağlıyor,https://example.com/ilan/ILN-099,assets/city-apartment-thumb.webp,active
ILN-100,Fenerbahçe'de Manzaralı 4+1 Bahçe Katı,İstanbul,Kadıköy,Fenerbahçe,Bahçe Katı,4+1,10916000,201,166,3,Bahçe katı,7,2,Fan coil,Batı,True,True,True,False,True,Kapalı + açık otopark,Akıllı diafon,Deniz,Kış bahçesi,Yarı açık mutfak,Kat mülkiyetli,False,Mülk sahibi oturuyor,1725,Barbekü alanı; pergola; tenis kortu; evcil hayvan alanı,Marmaray 800 m; çocuk parkı 100 m; çarşı 550 m; eczane 220 m,Deprem yönetmeliğine uygun; sprinkler; duman dedektörü; hidrofor,"Fenerbahçe merkezine yakın, iyi planlanmış 201 m² yaşam alanı. Okul ve günlük ihtiyaçlara araçsız ulaşılabilen merkezi konum; engelsiz giriş ve geniş asansörle her yaş için rahat kullanım sağlıyor.",Okul ve günlük ihtiyaçlara araçsız ulaşılabilen merkezi konum; engelsiz giriş ve geniş asansörle her yaş için rahat kullanım sağlıyor,https://example.com/ilan/ILN-100,assets/garden-flat-thumb.webp,active
